TRACT,percentPOC2000,perSixFive2000,medHHinc2000,MedianValue2000,rent2000,builtSince00_2000,median_hhi,perc_poc,perc_65up,perc_new_bld,rent,emv
27139081100,0.0207989435457247,0.0510069329811819,106585.2,244865.508122403,830.7,0.339155749636099,119375,3.7366388215216024,8.658941884487561,47.5151196423876,1120,309e3
27037060904,0.0346370415233027,0.133949974225678,72634.42,155127.087268606,759.7,0.0613621038435603,59650,13.842551946151596,13.637693883523557,5.79613590939374,930,189300
27037060905,0.0531264821262679,0.0794457169911431,86510.66,178929.656214583,1363.2,0.608459869848156,76250,13.576881134133043,5.307161032351872,52.5340599455041,1012,219400
27037060820,0.0386127994279585,0.0259206292456203,121987.94,238299.282206271,867.62,0.443132380360472,122308,5.601788597689728,7.340703018258601,39.8043641835967,1487,317700
27037060821,0.0896802703405251,0.094099298154406,69639.64,169080.317340385,930.1,0.303114186851211,83946,16.720647773279353,12.577597840755736,48.7521367521368,936,324800
27037060902,0.0464344941956882,0.0414593698175788,93737.04,192746.089913109,1116.404,0.266272189349112,96130,4.690659118479579,10.210270926000808,79.3258426966292,1357,301350
27019091100,0.0210701413917383,0.0695869143332409,92909.18,193703.664525878,874.72,0.352769679300292,106806,10.793893129770993,8.061068702290077,38.0647911338448,949,307400
27037060906,0.0520833333333333,0.00813802083333333,95406.96,206836.116358141,1597.5,0.683148335015136,88657,13.16595223515003,8.940600122473974,17.0624450307828,1969,254e3
27037060907,0.0693201134007783,0.0108312677188716,94745.24,186590.253116736,1353.26,0.597701149425287,115558,11.426266971367118,2.5809920688264554,44.3343386471349,1344.6,267e3
27037060815,0.0799289520426288,0.0369449378330373,114679.2,233853.400075557,1520.82,0.190315315315315,111642,10.214327090171848,12.29967175130334,48.2365708084645,1390,351100
27037061108,0.0353615171868827,0.0934413275385223,64665.38,161556.516811485,788.1,0.323410696266398,68182,8.796443315338202,11.003493172435693,26.6335498662591,890,198800
27037060818,0.0790481952006453,0.0157289776164549,91422.44,204920.967132603,1597.5,0.545395590142672,80496,15.663438890342842,4.933263543574981,49.2302184031507,1455,269300
27037060813,0.0525965379494008,0.0559254327563249,124920.24,325575.368341519,1452.66,0.390158172231986,86950,11.886875828546177,18.13963764913831,38.9994620763852,1648,382900
27037060816,0.0661420672054445,0.0172267120374309,129989.64,264085.398564413,1571.94,0.740601503759398,137375,13.837516512549538,5.201453104359313,24.2065626681011,2167,336600
27037061107,0.0226415094339623,0.0849056603773585,102248.52,195824.008311296,991.16,0.239156626506024,73778,5.870692284232998,17.337602927721864,39.1151135473767,1149,254400
27139080903,0.127297830703428,0.0482242852972321,113175.42,229544.314318096,2201,0.387900355871886,123750,22.37226277372263,12.992700729927007,63.8095238095238,876,386400
27139080904,0.0611573446874395,0.0508999419392297,91528.94,185495.882130714,957.08,0.279730380356283,76583,11.810140774884765,13.46704871060172,26.3463892288862,1091,238500
27037060819,0.0602758385833475,0.00902434871445599,112516.54,220926.142803173,1303.56,0.585106382978723,116679,16.322590227238972,4.0398039506906285,17.5178997613365,1800,275850
27037060814,0.0631964077831365,0.0206219856976551,108448.24,243360.748016623,1229.72,0.562098501070664,106471,15.69394460960726,9.669848224065092,17.5359712230216,1778,295950
27037060817,0.0824236671412751,0.0175605125771239,92841.02,167780.751794484,1029.5,0.12142152023692,98594,16.618879576532862,7.5871195412439345,30.1033591731266,1574,238450
27139080906,0.0390983443048075,0.0572511470177538,105760.18,198696.732149603,1165.82,0.21865715983363,99219,9.580236995380599,13.235589475798355,12.401055408971,1350,250200
27037060742,0.0634770251065846,0.0407389862624349,125739.58,238436.078579524,887.5,0.168782673637043,116162,15.46268656716418,18.567164179104477,2.73348519362187,1331,289e3
27037061007,0.0611933797909408,0.0300522648083624,99922.56,205331.356252361,1597.5,0.560727272727273,81953,12.59607173356106,10.67463706233988,20.0571428571429,1028,252350
27037060829,0.135793871866295,0.0511838440111421,79938.9,237273.309406876,1349,0.896616541353383,65375,25.574079899339413,8.49323686693929,64.257555847569,1278,322e3
27139080205,0.0732442348008386,0.0209643605870021,124881.9,242403.173403853,1171.5,0.704524886877828,117923,14.526744046906783,7.526624386741654,15.7990535129232,1705,277750
27037060746,0.131283068783069,0.0456349206349206,75120.84,223525.273894975,1296.46,0.483499616270146,64049,19.064025265575655,14.29801894918174,20.4416403785489,1214,273900
27037060812,0.0860025624599616,0.0461242793081358,88343.88,181939.176426143,948.56,0.101881597062873,88886,24.73408745568124,12.139118689853115,4.09949332105021,1154,228500
27037060739,0.121621621621622,0.0521235521235521,86459.54,195687.211938043,1164.4,0.264160931709899,72787,42.394239423942395,8.28082808280828,15.5145118733509,1107,244500
27037060826,0.0764006791171477,0.0694397283531409,89327.94,194114.053645637,1789.2,0.239676458067263,86453,17.896389324960754,12.977498691784406,22.5016329196604,1554,259200
27139080204,0.106481481481481,0.0401234567901235,106145,209845.636569702,934.36,0.380614657210402,87895,15,9.319526627218936,72.1893491124261,1371,399200
27037060828,0.135793871866295,0.0511838440111421,79938.9,197397.166603702,1349,0.773714285714286,75529,30.761994355597366,8.819379115710255,57.2330654420207,1322,248900
27037061105,0.0275689223057644,0.152464494569758,71633.32,152117.567057046,915.9,0.0262901655306719,57257,8.85483184333759,15.623669646658152,1.71370967741935,818,178900
27139080905,0.0329694809534417,0.0407663176654043,124042.68,229817.907064601,1036.6,0.357049608355091,99364,8.178864895853238,8.465507357156508,14.6823278163374,1895,301300
27037061003,0.0248155600268276,0.0784708249496982,115561.02,235973.743860975,754.02,0.163594470046083,111250,7.604562737642586,16.34980988593156,27.317880794702,1058,367200
27037060811,0.0950056327450244,0.0700337964701464,88481.62,195618.813751417,1390.18,0.203116883116883,75046,17.584097859327215,18.539755351681958,9.58655156746933,1328,244100
27037061106,0.029011786038078,0.127833182230281,93833.6,184948.696637703,754.02,0.197002141327623,55104,5.056553559547571,20.326014637391882,34.924965893588,789,226950
27037060745,0.205771643663739,0.0409033877038896,77086.12,217232.640725349,1120.38,0.348600508905852,56603,40.2914798206278,13.721973094170403,18.403660396543,1054,263800
27037061008,0.0643607705779334,0.14492119089317,67393.2,156495.051001133,800.88,0.0640834575260805,62279,25.756186984417965,12.419798350137489,15.233949945593,942,204600
27037060823,0.109849419896322,0.0269069365588744,126858.54,262717.434831885,1390.18,0.579044117647059,118603,20.16171100678143,11.267605633802818,11.6588419405321,1146.67,312200
27037061009,0.0643607705779334,0.14492119089317,67393.2,181118.398186626,800.88,0.725714285714286,104028,20.9403080872914,7.2528883183568675,85.5855855855856,1581,335900
27139080302,0.0682714256069724,0.0346544926333264,108811.76,209503.64563657,762.54,0.635805911879532,111099,28.200253485424586,5.240811153358682,61.9724025974026,1411,292100
27037061005,0.16303946883069,0.0483216525267429,78142.6,157999.811106914,978.38,0.331454340473506,63971,19.36606107460379,9.547738693467336,6.22448979591837,1038,209600
27037060741,0.113844743276284,0.0501222493887531,79431.96,236657.725727238,1215.52,0.304679376083189,65682,38.81201956673655,11.754018169112507,2.801503245644,1255,296200
27037060824,0.0713890426120642,0.138904261206419,95195.38,193977.257272384,1074.94,0.17363571934798,72727,27.411861164252528,21.97321672588139,6.39044943820225,745,248700
27037061102,0.0541044776119403,0.149486940298507,67450,155400.680015111,836.38,0.107808857808858,57567,9.985705534000408,18.39901980804574,15.6313645621181,880,197900
27037060825,0.0544090056285178,0.0297507370678102,120465.7,237820.494899887,1123.22,0.345554150863885,115255,8.20970761918479,12.314561428777186,5.95523581135092,1374,298500
27139080700,0.264631043256997,0.0529262086513995,75437.5,246780.657347941,1001.1,0.306288032454361,82500,34.151785714285715,6.082589285714286,51.588785046729,957,273050
27037061004,0.0799209262920079,0.0189212086981079,120363.46,241719.19153759,1597.5,0.649951783992285,131630,14.474319755272901,8.597649331830622,47.4371373307544,1292,343100
27037060711,0.116041765543427,0.175367821547224,58556.54,197670.759350208,1165.82,0.197751660705161,46227,25.91457183731862,21.827099938687923,16.4496527777778,1076,248700
27139080202,0.141556291390728,0.022350993377483402,121415.68,308339.025311674,1020.98,0.793184488836663,147039,21.804511278195488,5.436668594563331,47.712833545108,1303,352900
27037060806,0.0707638279192274,0.0611062335381914,129420.22,282210.918020401,1100.5,0.248751248751249,100041,15.22108843537415,18.656462585034014,7.13950211366839,1307,314100
27139080203,0.110359751149581,0.0152826616175277,99688.26,181118.398186626,1104.76,0.221188839466235,86796,27.681282643021987,4.749180128750152,15.6912948061448,1123,218600
27037060709,0.176460655184059,0.0523471800067545,97235.92,203005.817907065,1091.98,0.152598950882213,81827,30.532312622396297,10.842086523055011,0,1414,248600
27037060713,0.0764535817539351,0.070992611628654,99497.98,210803.211182471,1174.34,0.167543859649123,88459,10.885486018641812,20.306258322237017,7.74299835255354,1346,260250
27037060710,0.229597906257435,0.0492505353319058,72848.84,194661.239138648,949.98,0.138658146964856,51927,32.00099925056208,11.941044216837373,14.3872113676732,890,237800
27037060822,0.0574412532637076,0.0176240208877285,129471.34,243565.942576502,1797.72,0.260606060606061,117826,6.21301775147929,13.979289940828401,0.801603206412826,1278,289400
27037060805,0.236536430834213,0.0285110876451954,59081.94,304440.328673971,775.32,0.267241379310345,51769,51.167860479601366,4.17315478044223,17.9661016949153,883,335300
27139080201,0.0914127423822715,0.0297783933518006,88649.18,198149.546656592,1952.5,0.532786885245902,114375,14.9962602842184,11.480927449513837,45.5328310010764,1288.3,291300
27037060714,0.131101813110181,0.0484160191273162,96692.06,218327.011711371,931.52,0.113984168865435,82963,20.898063417748457,13.747605873590127,1.24324324324324,1051,261500
27037060738,0.167889390519187,0.054176072234763,75017.18,219968.568190404,1175.76,0.223935389133627,74205,30.333033303330332,14.551455145514552,1.34847409510291,1141,271200
27139080301,0.0737736577829278,0.0646967941290073,85858.88,196234.397431054,1104.76,0.536654135338346,83303,29.051132027473926,6.800644450097515,48.816120906801,1208,278100
27139080100,0.138519924098672,0.100569259962049,59932.52,149108.046845485,867.62,0.128571428571429,47928,35.321100917431195,16.46788990825688,32.6530612244898,906,192400
27037060737,0.125563731307857,0.168763351530976,61248.86,208751.26558368,1067.84,0.270639960918417,45613,30.426716141001855,20.923520923520925,14.3986683312526,1070,262e3
27163071400,0.0522727272727273,0.0983333333333333,84000.1,150612.806951266,1172.92,0.28062449959968,83998,19.66245883644347,14.95609220636663,10.413694721826,1426,203200
27037060734,0.101913566974844,0.0202107073747581,114975.98,221952.115602569,1483.9,0.1536475145255,111250,21.95175438596491,9.93421052631579,11.1801242236025,1385,293350
27037060748,0.100569800569801,0.133903133903134,85155.98,198765.13033623,1126.06,0.287145242070117,76776,31.893784651298514,10.767435074409104,12.4014336917563,969,248750
27037060732,0.0808720112517581,0.0126582278481013,124382.06,243907.933509634,1479.64,0.500945179584121,142174,15.306499261447563,5.2991137370753325,8.03038524145415,1731,312850
27037060731,0.0905280804694049,0.0249371332774518,123703.3,239735.644125425,1479.64,0.105298457411133,124539,11.607769716826585,12.590685700912708,7.3227885178676,1463,308250
27139080600,0.0917795422699673,0.0427370387669313,91634.02,186316.66037023,972.7,0.476052249637155,75236,28.33254828073481,10.103626943005182,19.0025252525253,1274,209100
27037060509,0.0741196749569072,0.0667323319379463,100787.34,258476.74726105,1468.28,0.695731707317073,72589,24.805781391147246,18.066847335140018,27.1707519734109,1257,313400
27019091e3,0.184285714285714,0.110535714285714,68793.32,160051.756705705,967.02,0.215686274509804,64983,26.426343790130254,9.163456246560264,43.8018545632016,1002,237400
27037060744,0.138767890479154,0.0385812072184194,137054.14,281184.945221005,1100.5,0.471844660194175,115250,27.55754475703325,11.76470588235294,4.22535211267606,1164,341400
27037060508,0.0805561686161995,0.0406091370558376,115633.44,314494.862108047,913.06,0.406626506024096,127099,17.52129614164022,10.138633706363787,36.9663485685585,674,418900
27163071207,0.0646263150703648,0.0278726601994808,106924.58,176877.710615791,1571.94,0.294293015332198,100591,12.686567164179104,9.774656131109161,10.5513685045617,1590,239400
27139080500,0.137032366540563,0.191677175283733,71539.6,153485.530789573,876.14,0.0439844760672704,53158,19.117110543597228,19.627873039036846,15.6142365097589,977,175300
27053025903,0.0878399499843701,0.145201625507971,108249.44,258750.340007556,1155.88,0.0860099928622413,86431,18.146718146718147,24.0221588047675,1.14695340501792,1200,346300
27139080400,0.180562659846547,0.0961636828644501,61796.98,147398.092179826,1001.1,0.137573004542505,50737,33.09259736909982,10.317255610007738,6.65445665445666,917,172100
27037060735,0.155858430424269,0.0630907891844361,85924.2,175441.348696638,1182.86,0.243966421825813,70938,35.87101698149208,12.860141194428545,12.9406307977737,1134,224350
27037060733,0.104859335038363,0.0647058823529412,86835.84,239804.042312051,1422.84,0.217308907138345,83218,18.543363679923335,13.416387158600863,8.91608391608392,1327,307650
27037060747,0.147879380740488,0.0612840446714337,73658.24,189736.569701549,961.34,0.216716417910448,64063,25.37442396313364,16.474654377880185,4.82885085574572,994,237500
27053025805,0.0480173482032218,0.2772614622057,90216.86,183443.936531923,2041.96,0.0428432327166504,72188,14.418777943368108,30.774962742175855,4.58452722063037,1921,259350
27037060743,0.219460227272727,0.0248579545454545,83780,190078.560634681,1337.64,0.196750902527076,55938,54.498269896193776,4.498269896193772,2.28758169934641,1116,236550
27053025907,0.0772662745893328,0.0973433380653012,89744,212102.776728372,1322.02,0.16286799620133,83033,11.727616645649434,20.849096258932327,3.51668169522092,1385,295200
27053026018,0.080593849416755,0.0358784022622835,142976.96,311622.138269739,1242.5,0.292030848329049,142202,23.239533287577213,11.708991077556623,27.1317829457364,1805,405550
27053025801,0.136763710223426,0.130670277589709,80015.58,178519.267094824,1219.78,0.0134115674769489,73893,26.722204421659722,18.00704902274912,23.9498432601881,1247,246950
27019090702,0.0410094637223975,0.029179810725552,164931.58,353071.439365319,956.448888888889,0.36144578313253,157083,15.742642026009582,7.32375085557837,63.442940038684696,1705,457250
27019090800,0.0542568542568543,0.0422799422799423,93034.14,189189.384208538,897.44,0.328253223915592,86859,11.19936457505957,9.508680358561216,28.4872298624754,988,255100
27053025802,0.0521307405875052,0.139015308233347,90116.04,162650.887797507,1597.5,0.0377562028047465,94e3,12.615384615384615,19.692307692307693,3.42979635584137,1560,239500
27019090900,0.0502067336089781,0.025201811380193,106370.78,295069.777106158,1503.78,0.610158311345646,106838,8.27236916150816,7.3907334458825735,26.524541398116,1623,350350
27037060721,0.149790013999067,0.0695286980867942,69750.4,166823.177181715,913.06,0.267123287671233,68910,32.92772861356932,9.43952802359882,18.3064516129032,941,211800
27037060730,0.0899552538188551,0.00817775034716865,132388.02,260528.692859841,991.16,0.439958592132505,147273,12.97056810403833,4.534565366187543,5.27093596059113,1258,312650
27053025803,0.108108108108108,0.143500643500644,81126.02,156631.847374386,934.36,0.016025641025641,58322,26.83246073298429,18.979057591623036,8.56498873027799,848,225500
27037060729,0.0862320958783981,0.0546623794212219,137657.64,275781.488477522,1723.88,0.464377682403433,117048,15.652398143372872,16.34863331614234,22.1787345075016,1325.4,343300
27037060750,0.168242906918865,0.0520159283225485,76782.24,175099.357763506,739.82,0.205627705627706,55183,33.73781148429036,15.14626218851571,9.26829268292683,964,222900
27163071209,0.0789205702647658,0.00967413441955193,117043.5,189599.773328296,1113.28,0.697361033127456,97448,18.46538782318599,6.839032527105922,9.57991803278689,894,244e3
27019090302,0.0359256128486898,0.0507185122569738,91024.84,182349.565545901,781,0.59620253164557,99185,6.666666666666667,5.446009389671361,58.370288248337,1010,283150
27053025701,0.106007067137809,0.159452296819788,80982.6,221473.328296184,1171.5,0.0589437819420784,73190,18.543717429067748,16.85002895193978,2.13333333333333,1132,307e3
27019090401,0.0393026941362916,0.066877971473851,122563.04,269078.466188138,941.46,0.409574468085106,127143,7.721814543028686,10.4736490993996,53.2535137948985,947,427600
27019090402,0.0262417994376757,0.0627928772258669,116059.44,235700.151114469,1012.46,0.368915456874466,134696,3.5144865420881195,8.760500600034288,44.3019240256537,983,368150
27019090301,0.0288695652173913,0.146608695652174,76499.66,192267.302606725,934.36,0.343254920787326,80014,3.728381060391267,18.755316132690673,28.0914444059578,886,263200
27053025301,0.0780645161290323,0.211935483870968,78489.08,199449.112202493,935.78,0.027027027027027,72083,12.746795981988225,24.593003117422928,3.68946963873943,916,264600
27053025906,0.10925027390828,0.0575989982782908,92300,263948.60219116,1302.14,0.108783535464903,80266,24.31020408163265,13.89387755102041,4.11998554391037,1118,355900
27037060716,0.155770324047754,0.0301307561114269,107073.68,231869.852663393,1273.74,0.206324110671937,92171,30.38961038961039,9.064935064935064,12.3682361208714,1292,302700
27163071208,0.0800297785222408,0.0781686208821887,81070.64,149244.843218738,962.76,0.0222693531283139,73869,18.446601941747574,14.7378640776699,0,1151,201e3
27037060725,0.180809761508597,0.0590682196339434,67721.22,216411.862485833,1133.16,0.101868595539482,58598,27.027027027027028,12.805038047756495,6.63741086121777,991,275400
27053025302,0.175219602404068,0.160425335182617,63760.84,152254.363430298,978.38,0.0653950953678474,52344,27.359146765592396,17.945745420820774,2.92242295430393,991,212100
27053025702,0.0988515176374077,0.191755537325677,80203.02,193430.071779373,1015.3,0.111381322957198,67739,29.909432295118183,23.4813342169207,1.5421686746988,1121,266800
27037060727,0.163205710577547,0.0684620376378975,75758.42,259502.720060446,1216.94,0.294636296840558,59805,22.682445759368836,16.173570019723865,8.10631229235881,1073,314200
27037060749,0.209443099273608,0.0920096852300242,68902.66,327490.517567057,1005.36,0.364864864864865,60272,30.47073791348601,18.956743002544528,3.58695652173913,980,416350
27037060728,0.149087859089956,0.0419375131054728,97822.38,295616.962599169,1307.82,0.242154811715481,99167,21.764946764946767,9.131859131859132,10.4046242774566,1281,386050
27053026016,0.0852065613608748,0.0549817739975699,109767.42,248832.602946732,1233.98,0.209097859327217,108227,17.194634703196346,14.226598173515981,12.9032258064516,1207,363e3
27053026022,0.0843917875626632,0.019583755484535,159329.68,307244.654325652,261.28,0.704918032786885,162917,22.029068110572815,7.238529495582788,53.3112582781457,2112,455200
27163071300,0.0779092702169625,0.0960552268244576,72143.1,143089.006422365,803.72,0.0933179723502304,70231,17.745535714285715,10.658482142857142,14.9950835791544,928,176650
27053025100,0.23064182194617,0.100207039337474,58697.12,168533.131847374,1097.66,0.040447504302926,55125,44.408251900108574,14.223669923995658,20.4514363885089,1030,235250
27037060507,0.0773722627737226,0.0481751824817518,107217.1,222430.902908954,968.44,0.383238405207486,92768,13.650179607626416,17.10417242332136,12.8895184135977,1016,279600
27053026021,0.0890702291301349,0.0397136395788707,142535.34,387407.329051757,785.26,0.715901530272788,138088,11.744022503516174,10.15002344116268,9.31054802592811,1678,514e3
27053025403,0.147342329936657,0.2065546681355,60912.32,151365.187004156,1066.42,0.0295404814004376,56273,44.683283786874,11.959753029956552,0,1042,216600
27053025205,0.171366163621922,0.155083399523431,71526.82,149108.046845485,952.82,0.014187866927593,73924,32.82061526168597,13.663603675589291,0.467775467775468,1177,206800
27053125500,0.171419714817111,0.161190328580285,65963.26,141652.644503211,931.52,0.0309119010819165,48406,30.775466090245878,18.42745203998919,29.2161520190024,868,204650
27037060503,0.110705817982856,0.0729527630859019,72658.56,163061.276917265,832.12,0.121293800539084,70509,21.72322698638488,14.02154033732981,4.42748091603053,800,206e3
27163071206,0.119719544259422,0.0357581069237511,90010.96,172773.819418209,1205.58,0.369009584664537,91795,25.119309838472837,8.333333333333332,42.3546511627907,1042,310650
27037060726,0.185996563573883,0.077319587628866,72019.56,218327.011711371,1086.3,0.200881057268722,61957,35.24804177545692,14.248414770607981,16.7795334838224,1002,283800
27037060505,0.150420003907013,0.0845868333658918,67420.18,300268.039289762,1143.1,0.151777970511709,60523,30.77555044364114,12.471245481432797,13.8045891931902,993,425200
27037060717,0.129477993858751,0.0470829068577277,96885.18,220105.364563657,1836.06,0.567750677506775,86012,29.05375388716126,6.486006219458018,21.4676889375685,1311,288350
27053025601,0.0985243055555556,0.233506944444444,66710.18,158273.403853419,521.14,0.028735632183908,68561,20.43734230445753,23.465096719932717,11.7109634551495,896,228300
27053026015,0.0838848148810588,0.0339831872652477,129512.52,245002.304495655,1242.5,0.239336492890995,113409,15.556831228473019,12.456946039035591,3.25987144168962,1284,349900
27053025905,0.0572281662105001,0.241353570539935,135053.36,270993.615413676,1935.46,0.061849710982659,103947,11.2042469963677,37.440625873148925,2.64976958525346,1495,376750
27053025605,0.160286422473148,0.159184797576425,65675,171953.041178693,907.38,0.00703812316715543,61375,23.003104713519615,19.192774484899804,7.26775956284153,950,257850
27037060502,0.121714159487519,0.0790810691407113,67934.22,164566.037023045,935.78,0.158352668213457,59643,32.914572864321606,12.814070351758794,4.90196078431373,960,203200
27053025401,0.167596348884381,0.162778904665314,63307.86,135018.020400453,870.46,0.0852994555353902,61094,50.683639792550686,14.167845355964168,1.53562653562654,887,196800
27053025603,0.0832672482157018,0.196404969600846,83484.64,163198.073290518,967.02,0.00892857142857143,80196,16.973415132924334,21.063394683026583,5.00916310323763,1319,243200
27019090701,0.0954356846473029,0.0261065006915629,118686.44,261007.480166226,847.74,0.634889434889435,103413,15.690866510538642,12.704918032786885,27.4826789838337,1443,341050
27053026020,0.199888330541597,0.0840312674483529,89166.06,212581.564034756,957.08,0.192330736968244,69972,33.373615307150054,22.98086606243706,26.6556291390728,1186,301600
27053026019,0.219541257074769,0.0494489127196902,81745.14,255152.595391009,1322.02,0.327697662854301,72357,58.97226753670473,3.6215334420880914,28.1475846329403,1301,NA
27037060506,0.0846153846153846,0.17603550295858,87629.62,220652.550056668,1178.6,0.431229235880399,74508,17.977312055373968,20.688329167467796,43.4559114274417,1347,274400
27053025201,0.381003430531732,0.0825471698113208,65119.78,138711.522478277,1069.26,0.00490730643402399,52372,62.70484083631569,7.6850631003955545,2.74574409665019,987,194350
27163071003,0.0990578734858681,0.0985195154777927,64429.66,147329.6939932,819.34,0.0515988372093023,63445,19.024390243902438,13.428981348637015,10.8726752503577,877,187350
27053026007,0.142598050328724,0.0707322602584448,103482.5,336724.272761617,1241.08,0.293583191368541,69384,25.136833569835797,13.176565984188121,18.6238532110092,1179,435300
27019090601,0.0689339165671896,0.0635800503557796,110082.66,213539.138647526,988.32,0.220923436586791,83487,8.135433811427228,14.27227839172349,0.586166471277843,1034,287800
27037060606,0.0585335797905114,0.109365372766482,106018.62,337476.652814507,455.82,0.44082332761578,99946,8.408843783979702,20.514679231605655,2.4896265560166,803,412700
27163071018,0.0924122310305776,0.0319365798414496,148595.9,315520.834907442,2156.98,0.451219512195122,131359,26.543469130617385,7.223855522889543,74.4545963080365,1729,406400
27053026014,0.0779727095516569,0.0400496189969874,123067.14,225919.210426898,484.22,0.207605344295992,123e3,12.135088723526044,11.79164281625644,4.64774951076321,1332,325e3
27037060605,0.0867208672086721,0.113143631436314,101352.5,250679.353985644,1246.76,0.126559714795009,84219,15.603715170278637,15.975232198142415,15.8753709198813,1168,327650
27053024903,0.38302752293578,0.109633027522936,62671.7,145004.155647903,992.58,0.0167464114832536,50345,62.86167261196988,11.692429647245344,0,977,203e3
27053024802,0.388948690348044,0.178327951202009,52104.06,139669.097091046,873.3,0.0176619007569386,46911,54.124820659971306,15.064562410329984,0.501672240802676,846,2e5
27053024004,0.0923454099700354,0.551620811767911,45948.36,146508.915753683,1341.9,0.0980842911877395,46937,27.885057471264368,43.37931034482759,9.8079561042524,1288,214700
27053024600,0.176366322008863,0.130576070901034,64808.8,142268.228182849,898.86,0.0572715572715573,52907,33.03769401330377,13.821138211382115,19.6141479099679,791,206e3
27053026005,0.086647029945999,0.0613647520864016,104997.64,217848.224404987,948.56,0.15625,92008,21.970878835153407,11.622464898595943,2.69086357947434,1329,320350
27053023903,0.0634873323397914,0.28166915052161,108206.84,451564.828107291,1111.86,0.111930294906166,101306,17.50540290213029,31.769064526088297,8.13883901855177,1119,642300
27053024300,0.331641659311562,0.0789938217122683,52008.92,145004.155647903,923,0.0855036855036855,55295,49.966510381781646,8.015181960258987,1.6597510373444,923,207e3
27053026006,0.0914228723404255,0.0801196808510638,88169.22,232622.232716283,1350.42,0.13980868285504,71154,18.91165602955996,16.35875041988579,2.51924422673198,1220,349900
27053024003,0.156612254554057,0.177430801987225,79047.14,286793.596524367,1136,0.0428235294117647,90441,37.801766437684,12.325809617271835,4.6639231824417,1214,465500
27019090503,0.041792330891857,0.033606204222318,127888.04,280158.972421609,816.5,0.554838709677419,138654,6.415241057542769,9.758942457231726,17.7993527508091,952,408100
27037060402,0.10440639910188,0.137805220319955,66214.6,139395.504344541,898.86,0.0176928520877565,58717,34.92394870265434,11.571726811810318,4.10764872521247,977,168300
27019090501,0.0286885245901639,0.0719489981785064,104842.86,249790.177559501,1415.74,0.256045519203414,129271,8.357230643179026,10.323637853338797,15.2019002375297,1334.6,410900
27019090502,0.0507462686567164,0.0171641791044776,177833.7,433234.114091424,1065.71,0.75669099756691,138533,15.313594396688954,3.979624323463865,61.9354838709678,1394,557800
27053023902,0.0515518148342977,0.145186743819043,160374.8,430361.390253117,2277.68,0.0349761526232114,186042,19.12313432835821,20.149253731343283,8.86075949367089,2250,617800
27053024801,0.205856643356643,0.156468531468531,61578.3,145004.155647903,927.26,0.0150214592274678,59292,49.43348720100713,11.959714645404953,0,902,205e3
27053024500,0.0905782450465022,0.246259603720178,76350.56,149108.046845485,978.38,0.0133630289532294,78654,22.854602045353488,19.119608714984437,2.77469478357381,1208,213e3
27053024902,0.274071129378347,0.16036585530564,73232.24,140900.264450321,817.92,0.00470035252643948,73264,48.82629107981221,8.956301914048392,0.594530321046373,969,201e3
27053024200,0.0803571428571429,0.143472906403941,81516.52,143636.191915376,1160.14,0.0476539589442815,84925,14.214380825565911,12.15046604527297,0,1336,21e4
27037060401,0.0828887977020927,0.133771029954863,65420.82,132760.880241783,758.28,0.0106157112526539,56552,21.253071253071255,10.647010647010648,6.02766798418972,1075,167800
27037060301,0.110831234256927,0.115869017632242,51795.92,127562.618058179,695.8,0.031984007996002,49135,30.994956441999083,9.559834938101789,5.14372163388805,636,167700
27019090602,0.068755909766311,0.0636228555990815,110115.32,246028.277295051,988.32,0.134426229508197,128654,5.904309467254835,7.940278249066848,5.16569200779727,1233,344550
27053023901,0.0612921038100497,0.141910546659304,126722.22,269010.068001511,1165.82,0.00543900543900544,125229,5.446502626486039,16.533038429637823,1.65537998495109,1636,443400
27053024006,0.054033398650671,0.281541059413021,111920.14,292333.849641103,350.74,0.0418918918918919,133281,10.820158102766799,23.023715415019762,11.5384615384615,2202,480100
27053026013,0.0680121089808274,0.0371342078708375,127534.46,211897.582168493,1100.5,0.152375077112893,115200,11.815320041972718,10.241343126967472,0,1273.5,304950
27053024700,0.132832080200501,0.202694235588972,78135.5,146372.119380431,844.9,0.0354716981132076,69273,33.076211045973466,13.853748842949706,2.06264323911383,948,208e3
27053024005,0.0443744349679647,0.562755758627745,54185.78,154990.290895353,1340.48,0.00634057971014493,56554,20.72032014228546,32.9035126722988,19.4387405886379,1289,186600
27053024400,0.179478827361564,0.24885993485342,50980.84,140900.264450321,932.94,0.074331550802139,36692,20.321931589537222,41.725352112676056,19.6797302991993,1429,203e3
27037060604,0.0437781109445277,0.23928035982009,116934.16,297463.713638081,1644.36,0.120736698499318,103077,7.412876550502068,29.09037212049616,7.94044665012407,1592,381400
27053024100,0.116605788142737,0.204551840404608,68556.18,153211.938043068,877.56,0.0345268542199488,75141,31.024531024531026,15.497835497835496,0.736278447121821,1048,222e3
27037060103,0.0959001782531194,0.161497326203209,90320.52,182623.158292407,1036.6,0.057,72917,16.001596169193935,15.921787709497206,0.661000944287063,991,223650
27037060603,0.0489578284052351,0.148085312651478,117625.7,281116.547034379,958.5,0.134397870924817,111174,9.46617678841582,24.76766803544413,18.5669456066946,1338,374600
27037060302,0.106513838412077,0.13810455689125,68370.16,153417.132602947,913.06,0.0306620209059233,70417,18.568353067814854,11.517761033369215,3.52609308885755,949,19e4
27053024901,0.21294964028777,0.112230215827338,74439.24,134060.445787684,863.36,0.0831234256926952,70234,43.23557237464522,10.406811731315042,1.84210526315789,1444,175e3
27037060104,0.100945179584121,0.307939508506616,55206.76,190078.560634681,911.64,0.115696104897802,49041,37.579508337631076,19.92435963555097,1.5220700152207,897,235900
27037060105,0.272110242698478,0.180378445084327,45252.56,169285.511900264,873.3,0.0447538538040776,41490,48.745173745173744,18.204633204633204,10.7872988255763,918,202550
27053023700,0.0439679445527399,0.174788823911631,128981.44,257724.36720816,1400.12,0.0198019801980198,111167,9.666454217123434,20.905035054174633,12.8154379020287,1919,418600
27053023802,0.0678612276019825,0.168509340449867,97204.68,196302.79561768,1472.54,0.00699300699300699,89013,21.872816212438853,13.76659678546471,9.73066898349261,1607,353600
27053023801,0.0512924893140647,0.169753714634643,112853.08,233306.214582546,1101.92,0.0404967602591793,128542,9.264053254437869,11.593934911242604,9.1324200913242,1223,473450
27053011704,0.128633478115603,0.135315736719011,92670.62,168943.520967133,1124.64,0.00837138508371385,104934,16.412806963009015,9.760646565122785,0.694980694980695,1362,296e3
27163071016,0.14219305441618799,0.0196882690730107,158926.4,325301.775595013,2662.5,0.892433910665451,145972,17.24587315377932,9.404865334491747,22.987721691678,1712,407900
27053023502,0.0531914893617021,0.189430336307481,109810.02,403480.902908954,1405.8,0.0517391304347826,110185,6.992879313492788,21.873288296512687,8.2431928384931,1181,686900
27053026104,0.106852192176424,0.127592543974797,74072.88,376463.619191538,1303.56,0.179982817869416,69667,26.15679693119156,18.772476624310716,4.82076637824475,1317,531850
27163071014,0.119203413940256,0.0238975817923186,120298.14,240761.616924821,2001.916,0.59159964253798,124929,17.13806327900288,9.539789069990412,19.5794053662074,1546.5,309200
27163071012,0.118390266729059,0.0996724379971923,77128.72,189052.587835285,1634.42,0.497076023391813,75053,33.74428315768542,11.055875919665938,12.6209322779244,1415,247800
27053027504,0.0268047517514468,0.107219007005787,142687.28,298216.09369097103,1182.86,0.19917695473251,131705,7.928464977645305,19.16542473919523,8.52941176470588,1614,443500
27053026208,0.0622112719433323,0.102864182322144,114383.84,209777.238383075,1469.7,0.0338827838827839,93017,11.926889714993806,17.348203221809168,8.63486842105263,1450,302400
27053027503,0.0288649706457926,0.0562622309197652,135047.68,261281.072912731,1510.88,0.260649819494585,124306,6.112526047696226,14.424635332252835,16.1764705882353,1239,423e3
27053027700,0.034986358529931,0.0709356443588509,113276.24,258545.145447677,937.2,0.285175879396985,130700,7.216815075585008,10.82004555808656,32.629238465814304,1612,371e3
27053026207,0.0803804994054697,0.0784780023781213,95994.84,226945.183226294,1107.6,0.215367965367965,68e3,12.878787878787879,17.2979797979798,1.35427952329361,983,326e3
27053012101,0.381014304291287,0.0975292587776333,56587,119696.826596147,758.28,0,54792,41.532797858099066,5.35475234270415,0.928792569659443,929,206e3
27037060201,0.0877598152424942,0.126635873749038,74866.66,156221.458254628,928.68,0.0769230769230769,75104,24.64915437207629,15.365239294710328,13.3267522211254,1101,189300
27037060202,0.0954084675014908,0.12701252236136,66633.5,147534.888553079,813.66,0.103612815269257,50901,18.074771857521345,15.837503679717399,9.670920080591,853,184e3
27123042503,0.114345843563662,0.0396352157137846,114537.2,233921.798262184,1207,0.534168564920273,122386,25.330058335891927,9.671476819158736,18.1066176470588,1152.5,287300
27053027501,0.0525755640698169,0.12281822051937,79875,250337.363052512,871.88,0.0943121050072922,79421,10.101679929266135,18.037135278514587,10.7221006564551,890,579e3
27163071015,0.111005240590758,0.0263617595680483,118612.6,236589.327540612,1943.98,0.612991765782251,107050,21.08682811577082,12.049616066154755,19.0157480314961,1588,299050
27053026103,0.0531842818428184,0.137872628726287,108621.48,196029.202871175,1506.62,0.0842391304347826,91698,17.718794835007174,20.65997130559541,2.60942760942761,1116,287300
27053026205,0.0477037037037037,0.0995555555555555,124650.44,210050.831129581,859.1,0.145554681353265,103250,8.142093681232316,14.177931468091796,1.796875,745,311750
27163071013,0.0932297447280799,0.175175730669626,95734.98,204442.179826218,1611.7,0.313253012048193,91523,14.348521183053556,19.60431654676259,3.42886386898669,1330,260500
27053023400,0.195308600898353,0.149891864914324,62616.32,165523.611635814,1171.5,0.0646130728775357,49569,44.62357176396932,14.305838159336359,2.77392510402219,1093,262e3
27053023600,0.0341060484945377,0.120969890754063,161667,469211.560256895,1278,0,235556,7.163398692810458,15.555555555555555,10.4499274310595,1520,870400
27053026206,0.030382705229331,0.226117440841367,104387.04,247601.435587458,915.9,0.123849964614296,97292,8.239595050618673,27.052868391451067,8.77862595419847,1056,343100
27053023501,0.0535135135135135,0.271621621621622,73530.44,205878.541745372,1276.58,0.0513392857142857,71522,13.51713062098501,22.885438972162742,2.95826730058109,1331,353200
27053027400,0.0306805074971165,0.10957324106113,147300.86,314631.6584813,981.22,0.106896551724138,136815,4.540162980209546,15.180442374854483,12.807881773399,2285,594e3
27037060101,0.190765828034283,0.108100635886093,65959,145277.748394409,834.96,0.0611798980335033,56829,38.29613500272183,9.934676102340772,8.19341840161182,838,174400
27053026201,0.0422229121390872,0.100279416330332,130182.76,246780.657347941,1890.02,0.0798611111111111,108603,5.584375953616112,17.180347879157768,5.77249575551783,2266,354700
27037060102,0.157188272695161,0.131402331331685,65427.92,148629.259539101,755.44,0.0209059233449477,58844,22.73610571317528,10.610182666148466,1.01867572156197,742,180400
27163071001,0.143562231759657,0.0706008583690987,73716.46,173799.792217605,1082.04,0.12256128064032,72656,24.760244115082823,9.873583260680036,9.41121928604543,1158,206650
27053023300,0.163543751136984,0.158450063671093,47582.78,149108.046845485,874.72,0.0497630331753555,53113,34.16212534059945,13.249318801089919,4.56816559600286,846,233e3
27053027602,0.0430366672404889,0.069719400929592,89038.26,155947.865508122,861.94,0.0783410138248848,85288,5.072334345418825,12.037863904268619,5.59939872228486,960,214e3
27053022902,0.0508083140877598,0.104503464203233,104330.24,181528.787306385,923,0.0113636363636364,108173,8.292682926829269,12.073170731707316,1.56028368794326,1153,373350
27163071017,0.104585265327151,0.0793405461102524,103837.5,265111.371363808,1597.5,0.879187817258883,102703,31.51276044877327,10.331648378744914,68.5089974293059,1604,412700
27163071010,0.109346806207145,0.0295922049801516,115230.16,261144.276539479,1394.44,0.733850129198966,103651,17.67515923566879,8.996815286624203,4.27480916030534,1401,315200
27163071006,0.120894677236693,0.0676670441676104,116089.26,302593.577635059,1397.28,0.586366644606221,90854,27.356866121394745,16.013775290572536,29.4146581406788,1374,338600
27053023e3,0.192063929457151,0.0760540093689722,61681.96,155400.680015111,849.16,0.0160098522167488,70130,22.895622895622896,8.712121212121213,27.8715520790449,1242,275950
27123042504,0.117582718074925,0.148755810773858,81938.26,201227.465054779,907.38,0.169298799747315,73250,33.595334685598374,16.683569979716022,7.40740740740741,1160,248150
27053023100,0.0479910714285714,0.10546875,111690.1,245139.100868908,1446.98,0.00970873786407767,151080,9.411764705882353,11.497326203208557,11.8694362017804,1554,533850
27053026202,0.0381756756756757,0.134459459459459,112770.72,208272.478277295,1793.46,0.113291703835861,106250,13.342746205435935,19.308153900458876,6.63829787234042,2069,319600
27053027203,0.0343370311674591,0.195192815636556,71903.12,282621.307140159,1040.86,0.081374321880651,75725,3.2620041753653446,24.973903966597078,19.2592592592593,1098,548500
27163071011,0.0818858560794045,0.032258064516129,121050.74,257861.163581413,1773.225,0.881753312945973,128973,15.671395579016826,8.14912570108875,3.29557157569516,2e3,320650
27053023200,0.233427862460121,0.1261963842609,54097.74,204510.578012845,1019.56,0.141221374045802,60341,56.01074546675622,11.584956346541302,10.1180438448567,1008,309500
27053026101,0.0585009140767824,0.173979280926264,108442.56,215317.491499811,1207,0.0565891472868217,100724,11.6098144823459,20.6163973668462,5.89569160997732,1907,300400
27053022901,0.112690889942075,0.157187993680885,69440.84,216001.473366075,1141.68,0.079870729455217,75233,10.102459016393443,19.01639344262295,28.0534351145038,1398,414700
27053026302,0.0364920541494997,0.113596233078281,107766.64,203416.207026823,1312.08,0.0905688622754491,109194,6.779661016949152,17.705811138014525,9.14285714285714,1882,320400
27053122500,0.120321682647696,0.134240643365295,65990.24,142678.617302607,1350.42,0.0491913746630728,69531,25.719072884669085,9.997207483943033,10.5232558139535,1337,219050
27053022302,0.17938209331652,0.189470365699874,59442.62,135154.816773706,945.72,0.00701754385964912,47846,26.011560693641616,17.036811682385153,9.19165580182529,940,209600
27053027601,0.0419194704908991,0.12134583563155,81252.4,151843.97431054,782.42,0.0318674314850223,75035,7.405448294102089,13.99100766992859,15.1436031331593,805,223e3
27053122600,0.104770396790013,0.124386981720909,79248.78,143772.988288629,849.16,0.0115911485774499,95788,8.613074204946997,11.837455830388691,7.71428571428571,1175,232300
27053022301,0.0495626822157434,0.316326530612245,78171,197260.37023045,1503.78,0.0258192651439921,72321,10.110375275938189,29.889624724061807,10.8274647887324,1636,298600
27053026402,0.0846245530393325,0.18406265962881,71549.54,190694.144314318,1207,0.0802105915144007,55518,26.338709677419352,17.725806451612904,5.29934116299055,1180,292400
27053022700,0.123839009287926,0.111455108359133,73440.98,157521.023800529,972.7,0.00424403183023873,71250,26.475972540045767,8.077803203661327,1.95292939409114,925,246700
27053026301,0.0613460393091126,0.109291244788565,157487.94,328037.703060068,1456.92,0.275789473684211,100417,6.722689075630252,22.829131652661065,18.3090379008746,1368,472350
27053026404,0.0582116788321168,0.118978102189781,127690.66,297395.315451454,1655.72,0.210241465445462,119387,7.297247367448735,20.7648254202845,6.49509803921569,1517,413500
27053027201,0.0279467368074963,0.0892651652145323,133423.2,366614.28031734,1270.9,0.135135135135135,142986,6.430669346112228,18.998299582624824,21.9860896445131,1419,655e3
27053022802,0.0915930650964998,0.175335296041871,53597.9,181528.787306385,978.38,0.0786703601108033,52368,17.340704102414897,14.25661914460285,7.80390195097549,1030,313e3
27163070910,0.0943107221006565,0.12035010940919,70180.66,145688.137514167,1089.14,0.243576017130621,60474,32.994328183062784,17.87600234695873,9.7215667767815,1279,189e3
27123042501,0.115180032733224,0.143412438625205,59090.46,163129.675103891,998.26,0.19537037037037,52788,35.918591859185916,14.686468646864686,13.7888198757764,1068,195350
27163070406,0.059106713024873,0.0596416154051886,84823.7,269283.660748017,728.46,0.306489444878812,71042,11.846870150025866,12.390067252974651,14.1689373297003,963,351500
27163070701,0.0431937172774869,0.0390800299177263,137210.34,329337.268605969,1073.52,0.596829772570641,118750,5.542370515147285,21.6389780818093,40.6868234415827,2399,435200
27053027300,0.0442499392171165,0.208363724775103,93482.86,255809.217982622,1063.58,0.142031776600867,72965,9.514215357062906,30.378329975374974,14.601226993865,1006,576e3
27053022400,0.123750960799385,0.152446835767358,71812.24,141447.449943332,870.46,0.0185299567634342,69707,26.642143983184447,15.265370467682606,3.51906158357771,963,233150
27053022801,0.0488826815642458,0.143389199255121,125909.98,253757.272383831,1349,0.0329531051964512,124946,9.227780475959204,16.94997571636717,3.70813397129187,1758,453e3
27053022200,0.150853100291303,0.135663753641282,82296.1,167301.9644881,1174.34,0.0277114190157668,68309,8.666230080768392,11.896965728006984,7.5191355245385,1236,259350
27053022102,0.0945292147376256,0.22813546706364,58948.46,161146.127691726,935.78,0.00611153552330023,62566,26.848249027237355,14.679872656526353,1.04790419161677,869,252800
27053022101,0.212376418894178,0.0933723910655438,57865,144183.377408387,975.54,0.0929512006196747,87565,30.84284136915716,9.31174089068826,4.5985401459854,1076,231850
27053022e3,0.11046511627907,0.0755813953488372,59887.08,140079.486210805,1099.08,0.0286343612334802,75e3,17.370325693606755,8.745476477683956,12.9807692307692,1127,202500
27163070912,0.170267301354815,0.100329549615525,52806.96,165318.417075935,861.94,0.375699440447642,41379,27.62772534982102,14.513504718516106,6.2316715542522,778,214500
27163070909,0.0777700104858441,0.0429919608528487,102019.9,190557.347941065,958.5,0.308449974079834,91875,17.689732142857142,12.183779761904761,8.03059273422562,1447,237400
27053021800,0.0902255639097744,0.165413533834586,117276.38,276328.673970533,940.04,0.0593561368209256,101146,15.025906735751295,21.459412780656304,9.5852534562212,1703,470500
27053021900,0.0896691816598955,0.199651770168311,84438.88,207930.487344163,876.14,0.0686204431736955,91250,15.818234109864825,20.506183491515674,12.6384364820847,1233,34e4
27163070911,0.0876995727456712,0.0955700472228469,79356.7,176946.108802418,1086.3,0.398840579710145,63496,25.646551724137932,13.599137931034482,15.8730158730159,1157,228400
27053026403,0.102356406480118,0.264359351988218,80998.22,173457.801284473,1544.96,0.322558922558923,62679,23.360780725831045,26.014028667276605,12.8189910979229,1322,279900
27123042001,0.430156121610518,0.090797041906327,44801,310664.56365697,656.04,0.0173564753004005,41800,41.456310679611654,11.504854368932039,2.81329923273657,882,397200
27053026609,0.032967032967033,0.11988011988012,98410.26,183854.325651681,1171.5,0.055008210180624,82450,15.270413573700955,18.06291975963238,2.22222222222222,1684,284e3
27053026507,0.10167098140739,0.10826076723935,87345.62,189394.578768417,920.16,0.193220338983051,72143,24.656148867313917,16.707119741100325,22.8609625668449,1285,288e3
27053026610,0.114970282317979,0.110512630014859,114354.02,245959.879108425,1018.14,0.070636310566258,106107,18.785745710514735,18.411790585129783,2.83236994219653,1185,344e3
27053027002,0.0279864763335838,0.0935386927122464,92744.46,210666.414809218,881.82,0.0998363338788871,95541,10.516014234875446,16.014234875444842,16.1592505854801,885,31e4
27053027202,0.0374592833876222,0.112377850162866,78297.38,175099.357763506,914.48,0.0484764542936288,87500,2.6635784597568035,14.53387376954256,7.55968169761273,952,272e3
27123042402,0.110736468500444,0.182786157941437,71342.22,167028.371741594,986.9,0.149419729206963,64e3,32.2914979757085,17.05263157894737,8.93246187363835,1115,200700
27053026606,0.0680456214962304,0.0779045041561956,120778.1,245686.286361919,1192.8,0.0641304347826087,113384,11.679119150609516,13.350373574518285,2.6123301985371,1150,374e3
27053021602,0.102586508213911,0.279622509612024,71045.44,183307.14015867,905.96,0.0796986518636003,64018,20.00316255534472,21.79000632511069,8.30540037243948,1080,275e3
27053021601,0.115335868187579,0.128263624841572,89362.02,172363.430298451,1235.4,0.0812958435207824,92663,22.656808967326498,19.41330789410923,13.6434918975431,1359,263e3
27123041900,0.0962396430847674,0.145315487571702,85235.5,202048.243294295,792.36,0.0338235294117647,92262,19.942857142857143,17.457142857142856,15.6837329876863,1056,262300
27053021700,0.0992290966594189,0.164459379323977,106463.08,173731.394030978,849.16,0.0525282277859597,91875,14.822376480195999,17.088607594936708,6.50112866817156,1789,268e3
27123042002,0.230541455160745,0.0867174280879865,55469.46,143909.784661881,854.84,0.107340173638516,47390,34.986005597760894,15.473810475809676,0,904,190450
27163070906,0.0886756238003839,0.103262955854127,86695.26,191514.922553835,1158.72,0.446390658174098,82813,25.87334205118625,15.09433962264151,8.52082336045955,1248,239800
27163070704,0.0252004581901489,0.185567010309278,75484.36,161761.711371364,901.7,0.077502691065662,75815,5.062703204830469,19.925685090571296,21.1076280041797,955,207800
27123042202,0.174109059682267,0.138686131386861,70162.2,175372.950510011,992.58,0.102402745995423,61126,42.11472756698436,13.486782952706347,11.6524359618282,1084,208600
27123042302,0.114079264287278,0.141011604992336,71945.72,156016.263694749,816.5,0.0615853658536585,60691,45.46007296311309,14.085934333198216,9.67056323060574,853,183400
27053026514,0.123349056603774,0.0870283018867924,81405.76,173799.792217605,1258.12,0.242290748898678,65047,27.449748743718594,12.541876046901173,3.90161153519932,1227,241e3
27123042201,0.168011738811445,0.1496698459281,61504.46,149381.639591991,1002.52,0.0467289719626168,65833,51.59106296547055,13.134732566012186,5.09433962264151,1161,174150
27053026512,0.104319478402608,0.0854115729421353,79500.12,237820.494899887,1099.08,0.0774193548387097,68472,16.18875962641324,18.646567262002296,4.98687664041995,1086,33e4
27123041800,0.109631147540984,0.202868852459016,73631.26,178792.85984133,944.3,0.0253086419753086,70833,26.723677177979688,15.5264564404062,1.91731575793889,1001,228e3
27123041602,0.170657775083359,0.140951803576841,57982.86,170858.670192671,915.9,0.0665039658328249,49149,48.954521693674856,17.041296393099845,6.32411067193676,880,227e3
27123041700,0.104395604395604,0.194871794871795,78534.52,171953.041178693,866.2,0.0495867768595041,66214,18.92905866302865,22.47612551159618,10.6444605358436,831,226e3
27163070405,0.0364916773367478,0.0825864276568502,133568.04,296984.926331696,754.02,0.128856624319419,133807,5.316242908173987,13.721370035721792,34.8938826466916,1312.8,410900
27123042700,0.0953708867819297,0.0866332031976204,77808.9,159572.96939932,878.98,0.0956937799043062,62134,21.787371393988302,15.89671172079887,9.49041608228144,893,180300
27053026611,0.121831735889244,0.0847710330138445,87199.36,246712.259161315,1466.86,0.311643835616438,73338,23.358254192766214,15.942614669630228,5.16206482593037,1310,326e3
27053026505,0.0873015873015873,0.0714285714285714,117299.1,204100.188893087,1546.38,0.23292349726776,95225,16.7740203972088,19.753086419753085,3.33551340745585,1478,308e3
27123041301,0.171723122238586,0.185272459499264,75183.32,221883.717415943,810.82,0.032015065913371,69313,27.454068241469816,23.56955380577428,11.1612175873732,867,280550
27053027101,0.0292896174863388,0.073879781420765,120849.1,266752.927842841,698.64,0.254506128334535,126629,10.508013305110373,10.371938312670094,37.4893617021277,1261,527e3
27053020102,0.0733819507748405,0.315861440291705,59588.88,161419.720438232,1262.38,0.116696588868941,66635,18.50065760631302,23.498465585269617,4.36643835616438,1135,263e3
27053021400,0.128790153107175,0.12218552987091,74834,118876.04835663,1215.52,0.085041761579347,75694,28.28845558650573,8.449396471680593,0.753012048192771,1014,166e3
27123042101,0.139772281115037,0.181782489202984,53321,180160.823573857,1032.34,0.222911346224006,43598,31.216840664042444,19.47629642307034,12.1807465618861,904,219600
27163070907,0.082816178044083,0.0564947571153435,66093.9,187684.624102758,748.34,0.322303921568627,57455,26.186830015313934,12.99770290964778,33.9072847682119,1059,235600
27123041601,0.132159289227352,0.162938283357132,77354.5,181802.38005289,1006.78,0.14679954005366,73011,21.31308182263596,18.48766944308346,2.06947524020695,989,235100
27053021002,0.194077207826547,0.125330512956108,76070.82,149108.046845485,1013.88,0.0558312655086849,60494,20.502092050209207,21.28661087866109,4.58100558659218,1092,207e3
27123042602,0.0484444444444444,0.174222222222222,59067.74,147603.286739705,613.44,0.0175801447776629,50109,29.247675401521555,17.49788672865596,5.60560560560561,490,162700
27053021505,0.133515559293524,0.115012615643398,75809.54,168259.539100869,1067.84,0.00861141011840689,74228,28.384376387039502,16.489125610297382,0.795755968169761,1032,227e3
27123041500,0.0606606606606607,0.262862862862863,81428.48,190557.347941065,1090.56,0.0400390625,76437,14.677184969898278,28.87689433257214,3.38504936530324,956,243550
27123042102,0.174684626897584,0.0722685482146675,83652.2,199175.519455988,887.5,0.1540749553837,68015,34.618834080717484,13.430493273542602,4.15982484948002,880,253450
27123041302,0.0826592517694641,0.219666329625885,73406.9,188505.402342274,1307.82,0.278217109992811,66031,24.9282982791587,22.753346080305928,12.9071170084439,1604,244100
27123041400,0.10512920908379,0.235121378230227,63743.8,181665.583679637,1033.76,0.0918742343813801,70469,20.19386106623586,19.62843295638126,13.7678506041743,979,237600
27123042301,0.111235119047619,0.11421130952381,95421.16,219010.993577635,786.68,0.337888198757764,82273,33.7402509325195,21.024075957951847,31.4708299096138,542,271600
27053021001,0.121591871295512,0.121422523285351,66849.34,138164.336985266,898.86,0.00943767204089658,63232,28.275521946408023,12.082853855005753,4.5926517571885,949,194e3
27123042401,0.107843137254902,0.235071301247772,69956.3,179750.434454099,1049.38,0.117465224111283,58644,31.263684704410384,23.099781044729433,29.3922651933702,1190,213300
27123042601,0.0992812219227314,0.123764600179695,73070.36,160188.553078957,913.06,0.0988184747583244,65054,30.52053680357869,12.627084180561205,0.26525198938992,853,172600
27053021200,0.0932148276609582,0.16453500975504,84312.5,140079.486210805,1001.1,0.0280082987551867,80967,23.141745894554884,11.192739844425239,1.01677681748856,1154,197e3
27053026605,0.0813337488314117,0.022748519788096,157384.28,286314.809217983,1127.196,0.714013346043851,104762,14.322543683758235,20.13749641936408,23.342736248237,1275,392e3
27163070703,0.0641288433382138,0.151098096632504,67302.32,177288.09973555,860.52,0.129440096327514,59526,8.71369294605809,19.05749851807943,2.63157894736842,811,214800
27053021300,0.142691415313225,0.248259860788863,51538.9,116687.306384586,793.78,0.0697350069735007,36985,30.29252437703142,18.678223185265438,6.38830897703549,866,156e3
27053020902,0.0852713178294574,0.199270405836753,71844.9,143636.191915376,1349,0.00994475138121547,81136,13.564668769716087,15.232086525461918,1,1443,198e3
27053021504,0.0920776495278069,0.112801678908709,85743.86,165523.611635814,952.82,0.01546738399462,61641,27.592020230401797,17.533014891823544,0,812,215e3
27053026511,0.138971988033723,0.0503127549632853,77597.32,201774.65054779,1106.18,0.0122850122850123,59592,38.249336870026525,5.941644562334218,1.89834660134721,982,28e4
27053026613,0.109361132063564,0.0470537089172064,134056.52,380225.519455988,1259.54,0.878151260504202,137702,38.00863832689247,12.264150943396226,52.2537562604341,1721,5e5
27053020101,0.0706051873198847,0.253890489913545,86253.64,173731.394030978,1293.62,0.0212591986917416,100368,15.340042695943884,17.871302226288503,1.65562913907285,1580,28e4
27053021100,0.114499732477261,0.128945960406635,65266.04,115319.342652059,827.86,0.0223097112860892,62206,22.81947261663286,10.9026369168357,7.57396449704142,800,158e3
27163070303,0.0350991933725747,0.0758665794637018,122098.7,255535.625236116,756.86,0.300062774639046,110727,10.354496294812737,17.66473062287202,17.6942355889724,965,351200
27053026612,0.0939346523001453,0.0352202394936637,142076.68,282347.714393653,820.76,0.338569880823402,109345,24.372794047505487,9.176762377182104,54.4582933844679,1492,403e3
27053026509,0.0741763661471691,0.0262379167488657,149020.48,235836.947487722,1597.5,0.149459783913565,127422,14.304291287386217,11.790203727785002,5.69014084507042,1668,308e3
27053020903,0.0936058009228741,0.141067897165458,75132.2,124484.699659992,975.54,0.0339920948616601,72978,17.737296260786195,14.956855225311601,7.12570056044836,1354,179e3
27123040402,0.0850772540582828,0.137101505965187,78070.18,181528.787306385,734.14,0.217994858611825,71216,11.881001694596122,21.351911127847863,11.1396743787489,1151,221400
27053021503,0.130570149834598,0.114613738081339,67535.2,161419.720438232,854.84,0.0400390625,51667,40.101112234580384,15.6319514661274,0.338655055636188,835,213e3
27003051206,0.116806722689076,0.125210084033613,50310.6,110121.080468455,789.52,0,52989,30.105263157894736,14.273684210526316,2.00956937799043,811,162900
27123041107,0.138200104040229,0.102479625455176,61914.84,180981.601813374,964.18,0.043138866064092,51223,28.279641315177685,14.995018266356691,5.78606775789874,929,222200
27003051502,0.13010115102895,0.238925706313219,58078,113814.582546279,854.84,0,59331,33.377006223386836,18.53914182771045,8.71559633027523,903,179900
27123040604,0.0997813012575178,0.0795516675779114,73624.16,190352.153381186,1002.52,0.300854700854701,65e3,22.32933819697759,15.359562272016674,12.0694818808026,1007,238800
27163070602,0.0313659359190556,0.126475548060708,70879.3,178929.656214583,823.6,0.0942148760330579,73021,9.870550161812297,12.200647249190938,7.06766917293233,934,231500
27123040803,0.0675357982474888,0.219918786065399,98619,223251.68114847,1026.66,0.0679199514857489,100667,10.590205106739221,25.366262034323984,9.46615299944964,1173,309200
27003051400,0.152389748326022,0.12006465019626,55536.2,97125.4250094447,816.5,0.0789748953974895,51536,42.96508066162957,9.209720236879722,11.6908212560386,857,149300
27163070601,0.0326020094320279,0.090629485339348,90309.16,193293.27540612,978.38,0.228008088978766,78301,11.149992047081279,17.035151900747575,22.911787665886,989,251100
27123041103,0.178449744463373,0.18526405451448,53190.36,200748.677748394,975.54,0.0435510887772194,48438,32.55192878338279,21.513353115727003,23.4093637454982,969,278700
27053026510,0.0802073802988716,0.146691064348887,80856.22,242539.969777106,1276.58,0.243243243243243,72990,17.567946203418323,16.61529840291398,12.3318385650224,1337,305e3
27123040704,0.0924731182795699,0.105376344086022,85386.02,216480.260672459,952.82,0.0661227994847574,71150,19.334069168506254,15.618101545253863,10.0942655145326,1102,293200
27003051501,0.150322118826056,0.236578382247674,48426.26,109573.894975444,607.76,0.0335675253708041,38750,49.419953596287705,15.3463705667882,7.97101449275362,784,171600
27053020700,0.13778801843318,0.131566820276498,75001.56,124484.699659992,884.66,0,68199,26.160337552742618,13.877168307548054,5.14792899408284,1199,173e3
27053020400,0.244186046511628,0.188898639754278,58093.62,124074.310540234,918.74,0.0372731731240804,51473,50.784929356357935,12.519623233908947,0.992167101827676,970,172e3
27053020804,0.169033598891583,0.168687218565985,60889.6,121748.772194938,1094.82,0.062748212867355,55712,47.49441429939355,12.575805936801787,0,1016,172e3
27163070304,0.0426443582942257,0.0816159967353601,81523.62,181528.787306385,1050.8,0.176332747510252,71764,6.476997578692494,15.556900726392254,13.2684426229508,1217,276300
27053021502,0.244791666666667,0.322916666666667,45001.22,128588.590857575,954.24,0.055918663761801,33939,52.770517511761625,17.328802927339257,17.1748599875545,907,174e3
27003051302,0.147715988083416,0.209533267130089,62533.96,132282.092935399,870.46,0.107284768211921,51898,35.08260447035958,20.821185617103986,12.3262839879154,855,202550
27003051305,0.157698815566836,0.15668358714044,54990.92,111352.24782773,850.58,0.0269387755102041,45625,45.588235294117645,11.295369211514393,8.73493975903615,1009,171550
27003051304,0.116832540025963,0.149286023366508,58961.24,104786.021911598,668.82,0.0233029381965552,53900,37.28395061728395,12.222222222222221,2.59481037924152,920,164e3
27123040401,0.0437748720864127,0.164582148948266,74189.32,162377.295051001,1022.4,0.182054616384915,65887,12.093023255813954,17.86593707250342,4.51174289245983,976,197900
27123040302,0.0610949963741842,0.133248730964467,75764.1,170995.466565924,1011.04,0.00763723150357995,61810,12.556475903614459,16.490963855421686,0.541027953110911,866,207e3
27123041106,0.135878998264319,0.0991817505578974,94026.72,205194.559879108,881.82,0.0884502923976608,89022,23.06598407281001,16.581342434584755,1.8413597733711,943,259550
27053026508,0.086528164489184,0.0833154851145856,119176.34,263333.018511523,1659.98,0.454788657035848,96905,8.025065696381645,20.71962805740853,15.2961227098424,1582,342e3
27163070502,0.0293527345709985,0.184897139989965,66166.32,159641.367585946,775.32,0.0240963855421687,72537,5.941931127616475,18.613549403556156,15.6578289144572,959,214700
27053020500,0.253833515881709,0.145947426067908,63748.06,112857.00793351,959.92,0.0552959501557632,59963,49.93061337774078,10.32472939217319,1.2987012987013,1029,152e3
27123041200,0.165036674816626,0.158435207823961,56868.16,155127.087268606,890.34,0.107270560190703,39431,37.4627891000687,16.18960384703458,4.74613686534216,835,179e3
27163070501,0.0239504085657932,0.0698788391096083,116885.88,230570.287117492,1405.8,0.309210526315789,104861,5.187319884726225,17.49279538904899,13.4511913912375,1489,309300
27123040503,0.0496640373940987,0.133800759567631,76502.5,213128.749527767,1079.2,0.311932555123217,72713,18.6046511627907,18.49772788024592,6.95093457943925,1081,268300
27053020801,0.110243454294901,0.13642627468994,62508.4,119012.844729883,898.86,0,54880,32.035928143712574,12.4750499001996,4.55062571103527,1181,163e3
27123040703,0.0703869047619048,0.127232142857143,96014.72,213128.749527767,1056.48,0.16695652173913,84681,19.934551404417782,19.702754295064086,7.88878111865503,1270,294e3
27053021501,0.165623495426095,0.268415984593163,56479.08,146372.119380431,1069.26,0.029228855721393,47292,26.50460231295728,27.448666509322635,3.96449704142012,1046,197e3
27053020200,0.368188715684922,0.102496896123603,56474.82,132145.296562146,914.48,0.0738031914893617,39267,67.77834787070293,9.4792201128784,1.9916142557652,899,171e3
27053020304,0.374541003671971,0.131578947368421,59906.96,123800.717793729,857.68,0.0703883495145631,48600,66.92484222604705,10.2122776821572,0.778546712802768,951,172e3
27053020600,0.197604790419162,0.235528942115768,59489.48,114635.360785795,1147.36,0.0506186726659168,50366,51.542244076888686,16.092981671881983,0.576036866359447,1148,16e4
27123040801,0.0893362692670651,0.0972003774771941,86222.4,282484.510766906,1546.38,0.124056999161777,78208,18.94649751792609,18.146718146718147,8.1203007518797,1608,388700
27003051203,0.123042917664395,0.123227113648922,77943.8,161693.313184737,867.62,0.0639269406392694,56343,35.83909719694212,17.837641062977795,2.12765957446809,847,213800
27163070404,0.0238621299160407,0.0539107379584622,136249,306560.672459388,1207,0.26013986013986,117546,4.986072423398329,12.423398328690807,45.1492537313433,1394,395900
27123041104,0.0979314802844215,0.147382029734971,94262.44,219694.975443899,1167.24,0.166080843585237,80667,4.80160053351117,27.70923641213738,13.3935289691497,1509,279100
27123041105,0.0758330141708158,0.134814247414784,89593.48,199722.704948999,697.22,0.0471544715447154,95855,12.301300578034683,19.653179190751445,18.0477223427332,1517,253100
27123040301,0.032725321888412,0.167918454935622,87824.16,179750.434454099,745.5,0.0277008310249307,97727,14.802149487054225,15.534929164631167,1.42857142857143,1707,220600
27123040603,0.0779672815871911,0.07518273581622,99868.6,204236.985266339,1269.48,0.201627486437613,93047,14.843193157519602,17.640769779044906,5.33916849015317,1119,261800
27053026712,0.0711984536082474,0.0512242268041237,98381.86,180160.823573857,1238.24,0.047427652733119,79519,20.768753874767516,17.17296962182269,9.39414567733152,1187,252900
27053020303,0.285593697242544,0.160101294316263,77401.36,122159.161314696,748.34,0.00540123456790123,58750,59.14100028256569,12.291607798813224,0.979591836734694,1217,168e3
27053026713,0.065184216263353,0.0601700457815566,96839.74,199996.297695504,1282.26,0.231471535982814,89464,13.630009319664493,14.259086672879775,2.58227848101266,1294,268500
27053027102,0.0377291960507757,0.0451339915373766,111647.5,212034.378541745,1192.8,0.212680115273775,102708,10.9504496561453,11.743960500793511,12.9110251450677,1321,31e4
27053026807,0.193700787401575,0.110236220472441,73575.88,138027.540612014,1019.56,0.0875109938434477,57277,44.40108585001697,15.04920257889379,3.26132994493859,946,191800
27053026715,0.0584729381443299,0.0162693298969072,145906.42,274892.312051379,1323.44,0.63641105894627,138317,19.912707951167057,5.958631159466127,63.2410296411856,1786,435100
27053026809,0.591901728844404,0.0295723384895359,52084.18,124553.097846619,1033.76,0.0644645711241343,39529,83.09936189608021,2.917046490428441,0.963081861958266,932,176550
27003051201,0.189608269858542,0.0905875952121872,54739.58,121201.586701927,908.8,0.0925925925925926,40912,44.166666666666664,12.471264367816092,4.80769230769231,875,176300
27003051202,0.0910607071380921,0.219479653102068,64787.5,121338.383075179,541.02,0.0319634703196347,62417,30.502052415535207,13.577518155983581,3.2934131736527,903,177700
27053026711,0.0542710340398202,0.0571612074502248,94075,162514.091424254,1172.92,0.0400925212027756,71523,9.78369384359401,11.980033277870216,1.75182481751825,1439,223700
27053020301,0.183870967741935,0.158064516129032,73209.52,125579.070646014,792.36,0.0178197064989518,58750,58.927897319743295,11.325028312570781,0.655021834061135,1415,167e3
27123040200,0.0283464566929134,0.186351706036745,70069.9,189052.587835285,1012.46,0.114186851211073,60529,4.315476190476191,25.843253968253972,17.1206225680934,1123,293550
27163070301,0.0328905755850727,0.122707147375079,153321.66,391100.831129581,887.5,0.136585365853659,146250,7.937427578215528,18.6558516801854,11.5898959881129,1063,481600
27123040502,0.0418363569048501,0.219178082191781,72809.08,152117.567057046,927.26,0.0511583011583012,67931,5.05291908501195,23.557528166609764,6.17828773168579,872,192900
27053020302,0.349813045284587,0.210635646032405,60193.8,122706.346807707,984.06,0.0517063081695967,5e4,62.28317870108915,12.62605889471561,0.432900432900433,944,166e3
27053026818,0.346756639094471,0.0705267740531128,70338.28,133102.871174915,800.88,0.0444444444444444,56714,65.45309061812362,11.38227645529106,3.20584926884139,860,181700
27123040504,0.0625913297613249,0.0828056502679006,77999.18,168122.742727616,1198.48,0.149969268592502,71434,16.932826362484157,14.727503168567807,6.78631519910264,1121,205900
27123040601,0.0725200097016735,0.111811787533349,202770.32,473862.636947488,1207,0.232375979112272,126613,7.872638208537438,31.525542337298813,35.244161358811,2408,570200
27123040707,0.0535962877030162,0.0777262180974478,116915.7,222909.690215338,1633,0.0852130325814536,99545,7.152527075812275,20.148916967509027,11.546723952739,1491,306200
27053026819,0.494759473259876,0.0626175759204515,44712.96,139942.689837552,809.4,0.0612139917695473,31282,80.74900063118031,5.533347359562382,12.8147482014389,813,193050
27053026716,0.054241508091766,0.0241863773786235,132179.28,232964.223649414,1648.62,0.306222707423581,153468,16.731152538398405,9.309414937272834,35.6459330143541,1563,365100
27053026815,0.240359415949083,0.0511044552602022,85652.98,144593.766528145,998.26,0.0967194570135747,77451,55.45571245186136,8.637447276728407,4.25876010781671,896,202750
27003051102,0.0937706361435175,0.149240589918556,71765.38,132966.074801662,819.34,0.0703883495145631,60977,39.90777614755817,15.426535317543491,4.24895272292041,948,194900
27003051103,0.156547619047619,0.0613095238095238,74021.76,134949.622213827,968.44,0.019047619047619,68636,43.57304643261608,12.032842582106456,5.73969280517381,960,187100
27003051101,0.109618803081177,0.0867074856804266,75864.92,132145.296562146,1077.78,0.104291417165669,62127,25.557425326041226,14.598233066891039,6.55737704918033,1039,184300
27053026811,0.266689907617222,0.0397420254488409,92677.72,143772.988288629,1242.5,0.0127282789153293,73232,58.4075256173358,10.6500923903914,3.27522451135763,1509,195e3
27053026810,0.481366939848461,0.0463893613731251,57250.14,141515.848129958,878.98,0.0210390725633319,39194,67.58292101887484,9.803921568627452,1.90283400809717,887,187700
27123040902,0.136514719848053,0.0505698005698006,62597.86,149928.825085002,937.2,0.0362903225806452,47807,34.07534246575342,9.099804305283756,6,891,182200
27053026814,0.277640899291654,0.041268863566369,92735.94,143225.802795618,1224.04,0.03710407239819,68417,61.34083307996352,8.923685010641533,1.79775280898876,1171.5,200850
27123040100,0.0339400574791296,0.0591213904475161,101325.52,202869.021533812,1251.02,0.195934959349593,100232,6.575073601570167,15.32314594139913,10.3639514731369,1184,260500
27053026710,0.0657290895632864,0.0569948186528497,95548.96,183170.343785417,1387.34,0.292674253200569,83697,20.418217648346836,12.78738778191373,28.8296860133207,1575,260100
27123041002,0.092511013215859,0.130464249406981,77593.06,168259.539100869,783.84,0.106923076923077,68438,23.197299785210188,17.85823872353483,8.56140350877193,812,213e3
27053026816,0.280429212043562,0.0458039718129404,81877.2,148424.064979222,1023.82,0.0430198228595529,68823,59.42985746436609,11.282820705176293,0.457380457380458,1207,196400
27053026714,0.0666312245259614,0.0333156122629807,124038.42,279201.39780884,1139.55,0.784789644012945,101686,16.588294147073537,14.347173586793396,43.8953488372093,1452,364100
27003051002,0.105431309904153,0.10223642172524,74129.68,124484.699659992,908.8,0.0104166666666667,59507,23.16196793808734,18.04864566058596,1.58343483556638,794,175900
27123040705,0.0745137661025511,0.0959838343015913,83292.94,189599.773328296,603.5,0.218088518280949,86597,19.142924417235697,17.730162467624204,16.7194092827004,1526,242150
27123040901,0.0852298081213744,0.0870147255689424,76680,152117.567057046,756.86,0.185185185185185,62639,27.577319587628867,13.702749140893472,15.7354618015964,1044,173400
27003051001,0.102771362586605,0.15050038491147,59327.6,134607.631280695,999.68,0.368421052631579,47750,22.355140186915886,19.514018691588785,13.5382059800664,933,187150
27123041001,0.0924687409130561,0.105263157894737,87815.64,172226.633925198,907.38,0.147804054054054,74962,15.236987496365224,17.56324512939808,11.2184249628529,936,209150
27053026822,0.143831194171115,0.103805165509605,111183.16,225714.015867019,1309.24,0.498367791077258,79734,29.086538461538463,20.257867132867133,10,1382,285500
27123040706,0.0793650793650794,0.0674136321195145,121015.24,234332.187381942,1763.64,0.156872509960159,91629,13.586193056391732,14.79028697571744,0.83088954056696,1702,290200
27053026812,0.205853418593212,0.043777668470241,96616.8,171063.86475255,971.28,0.581877022653722,82088,48.80663141346292,10.19008146348435,28.4577993813522,1488,263400
27053026823,0.197271506600629,0.0542227254535501,113425.34,196371.193804307,147.68,0.726300784034212,103861,40.290735517465826,13.018008244738555,6.31001371742112,1370.8,264700
27053026702,0.0464256368118324,0.216105176663928,60612.7,136796.373252739,864.78,0.0844402277039848,52569,10.03731343283582,28.73134328358209,18.7981510015408,934,193e3
27053026708,0.053774385072095,0.0578456318914334,110135.2,207793.69097091,988.32,0.341303328645101,74867,10.647181628392484,14.63117606123869,9.00862068965517,1292,280200
27003050709,0.0653543307086614,0.111811023622047,70919.06,143225.802795618,681.6,0.561185468451243,67656,23.612261806130903,18.76553438276719,3.9612676056338,1321,210100
27053026707,0.0537653874004345,0.0271542360608255,101625.14,152938.345296562,1479.64,0.0406593406593407,92039,8.944765045342127,10.758450123660346,1.70542635658915,1564,214400
27163070204,0.0327978580990629,0.034471218206158,106948.72,220926.142803173,1161.56,0.376522702104097,94042,6.140350877192982,10.475708502024291,58.102766798419,1400,332400
27053026820,0.187717770034843,0.0293989547038328,100572.92,149792.028711749,1356.1,0.416208791208791,107446,37.80619446981649,7.747239060034874,64.2290530490828,1588,314500
27003050813,0.113814364272621,0.0383269455090818,83548.54,144183.377408387,729.88,0.430785676109033,80517,18.301329394387,9.438700147710486,28.4677419354839,950,238050
27003050811,0.0481967213114754,0.145245901639344,74143.88,118944.446543257,803.72,0.0843920145190563,61479,13.160658032901646,18.16590829541477,5.44,807,175750
27003050236,0.0315889038890402,0.0203073130767508,125182.94,205604.948998867,640.42,0.578044596912521,128684,8.520900321543408,5.259531465319247,20.9478021978022,1847,309800
27003050710,0.111079865016873,0.0812710911136108,76752.42,119012.844729883,1032.34,0.252218934911243,56046,19.369991710417242,16.385741917656812,6.59264399722415,1146,170800
27003050230,0.0588620013080445,0.0359712230215827,117257.92,240830.015111447,949.98,0.4824016563147,133438,11.404255319148936,6,36.4229765013055,1333.625,346100
27003050902,0.0471799270855672,0.090499678318679,85865.98,127357.4234983,860.52,0.106773823191734,81672,16.790819408093416,13.851419367827663,13.4662129314536,1171,194250
27003050706,0.0860927152317881,0.0602333648691265,71218.68,121748.772194938,1090.56,0.0764705882352941,53854,26.865671641791046,14.681693572951568,6.05166051660517,1114,181800
27003050237,0.0330865465710789,0.0256664037858788,119448.98,215454.287873064,1180.02,0.582484725050917,100550,6.0119155082144795,10.236504784257086,22.5399903053805,1033,314900
27003050901,0.0774976657329599,0.0555555555555556,58992.48,118465.659236872,799.46,0.0642954856361149,53368,19.401444788441694,9.494324045407637,10.2960102960103,887,170300
27003050810,0.0785219399538106,0.0752886836027714,70687.6,134060.445787684,1232.56,0.0991150442477876,55053,25.625294950448325,15.809344030202926,8.62970711297071,1250,201250
27053026706,0.0428940568475452,0.0328165374677003,107262.54,162377.295051001,1471.12,0,94152,8.457051961823966,16.277836691410393,5.00342700479781,1491,225200
27003050606,0.0829383886255924,0.137440758293839,53749.84,144046.581035134,876.14,0.0937866354044549,48e3,12.132752992383026,21.327529923830248,2.8735632183908,913,202600
27003050816,0.0468236167948978,0.027644115305332,95539.02,139669.097091046,833.54,0.0546677880571909,95662,17.572254335260116,10.366088631984585,34.3561643835616,981,217300
27003050809,0.0973070830504639,0.0513690880289658,77507.86,145961.730260672,880.4,0.419117647058824,60769,29.497774952320405,9.82199618563255,32.3245614035088,951,227550
27003050605,0.0715155733426135,0.0817817991995824,79511.48,129135.776350586,1047.96,0.0230414746543779,78339,12.361356695065103,15.720945185661469,4.32407828857533,1039,188900
27163070203,0.0441481481481481,0.061037037037037,84796.72,190830.940687571,546.7,0.37621359223301,85949,6.963591375044185,9.013785790031813,64.6367851622875,1241,300750
27003050607,0.0614487553263063,0.0926216640502355,66110.94,113267.397053268,1023.82,0.221148684916801,55125,20.294244915620943,14.993509303331892,3.12157721796276,1023,174500
27053026909,0.0274165752780824,0.0491931693561021,107746.76,210666.414809218,700.06,0.537129840546697,120231,7.922215496368039,10.631053268765134,50.3186162949477,1256,291e3
27053026906,0.0495820121072355,0.0443931968867109,93761.18,155674.272761617,1047.96,0.21560000000000001,92527,17.49655085914963,9.306409130816505,17.3158640226629,1534,212e3
27003050232,0.0428125,0.0321875,90563.34,144251.775595013,816.5,0.506,98214,10.727872178544255,8.394623383210753,25.6429096252755,1177,236200
27003050229,0.15073675826364,0.044205495818399,90032.26,162103.702304496,1063.58,0.572734196496573,93250,16.496163682864452,6.996711728169529,15.901948460088,1518,234e3
27053026908,0.0530369078756176,0.0126416739319965,96615.38,154990.290895353,461.5,0.12221231043711,91141,12.224219643732637,6.063082202974343,2.734375,1286,208e3
27003050608,0.0847388742125584,0.0487705750863646,70693.28,140900.264450321,1067.84,0.174721189591078,50702,23.642732049036777,8.84413309982487,11.2966601178782,986,203350
27053026910,0.0548442168160478,0.0473751600512164,94962.5,186043.067623725,702.9,0.168554297135243,87966,17.220313096601757,11.187476135929744,18.7121629058888,1041,263e3
27053026907,0.0721198156682028,0.0451612903225806,108505.04,225714.015867019,1050.8,0.719592570401438,108469,12.49102656137832,10.050251256281408,20.1750121536218,1135,326e3
27003050808,0.0521227406473308,0.0970996216897856,77080.44,117781.677370608,886.08,0.0152941176470588,62009,12.31060606060606,22.017045454545457,0.56369785794814,945,18e4
27003050821,0.086484593837535,0.0504201680672269,101608.1,215727.880619569,417.48,0.901234567901235,103517,24.835071291764205,11.172589912747393,78.9070480081716,1713,346150
27003050704,0.0693484181856275,0.0905091137649277,76552.2,116140.120891575,1123.22,0.144107351225204,69727,14.484797297297296,13.471283783783782,5.77971646673937,1154,173150
27003050807,0.0751765893037336,0.0575176589303734,70846.64,117371.28825085,961.34,0.168276972624799,55792,21.735294117647058,14.735294117647058,11.2578179291174,1292,182600
27003050819,0.0531309297912713,0.0308349146110057,113600,294796.184359652,1349,0.641638225255973,133396,12.982614585685257,12.034319259426507,84.1180163214062,1821,392300
27003050702,0.067258883248731,0.0694796954314721,76776.56,116003.324518323,1219.78,0.182632050134288,73875,16.588124410933084,13.634935595350298,9.0531561461794,1377,173e3
27003050610,0.0803544607990388,0.0669870832081706,81532.14,139532.300717794,1099.08,0.350670459162942,67117,17.8193528599908,14.997699739303789,5.73802928373566,1099,206500
27003050806,0.0601908065915004,0.0293148308759757,86975,126399.848885531,1147.36,0.285477636664826,81168,19.75086297463605,9.665315923758067,20.734693877551,1260,204800
27053026903,0.0552938259360278,0.055541780312422503,77035,143225.802795618,823.6,0.148296593186373,67308,24.752475247524753,12.761276127612762,16.6377816291161,940,204e3
27003050602,0.117178612059158,0.0940462646947289,72983.74,119081.242916509,1055.06,0.0294117647058824,60530,21.406371406371406,13.403263403263404,0,1088,176700
27003050504,0.0576018808777429,0.182601880877743,61968.8,117097.695504345,988.32,0.0791814946619217,55559,14.188422247446084,14.037079076806657,7.14893617021277,954,168600
27003050233,0.0341955282770715,0.0390179745725559,90983.66,150476.010578013,1103.34,0.109905020352782,91731,3.185895453139499,8.134859263841633,32.6086956521739,1467,233900
27003050820,0.0861574523736226,0.0502280707768699,101725.96,170174.688326407,426,0.475871313672922,104671,12.788461538461537,10.224358974358974,29.0942360475755,1464,276400
27003050712,0.0871559633027523,0.103669724770642,72482.48,147329.6939932,1171.5,0.379935275080906,66575,21.071012805587895,13.550640279394646,10.4373177842566,1143,226050
27003050609,0.0530927835051546,0.0603092783505155,87800.02,149792.028711749,1263.8,0.447612259444048,72798,4.992570579494799,17.14710252600297,7.15719063545151,1272,219800
27003050711,0.0681818181818182,0.0341880341880342,97213.2,155742.670948243,1147.36,0.218531468531469,87891,16.43974801869539,12.700670595407438,4.48533640023002,1202,217100
27003050818,0.0531309297912713,0.0308349146110057,113600,212513.16584813,1349,0.455172413793103,109769,16.256072172102705,8.848022206800833,87.1361502347418,1453,342250
27003050501,0.0860692102928128,0.189588879029873,45006.9,113677.786173026,788.1,0.10042735042735,40436,19.295154185022025,21.997063142437593,8.311345646438,842,168500
27003050402,0.101123595505618,0.151685393258427,53123.62,134265.640347563,854.84,0.186658506731946,49095,11.076662908680946,22.012401352874857,7.58184951177484,1044,194400
27003050805,0.0651636812847437,0.0347436689314392,90755.04,139395.504344541,1089.14,0.22668513388735,87404,26.391096979332275,10.261598496892613,8.92782644972883,1073,212600
27003050707,0.0482758620689655,0.024916573971079,110750.06,170721.873819418,2307.5,0.360764144011756,93975,10.482044645745713,16.49951472015529,38.4472338447234,1675,245600
27003050401,0.0816009928637915,0.0452994104871238,79480.24,143772.988288629,898.86,0.199646643109541,57361,14.485627836611195,10.59001512859304,0,790,202700
27003050505,0.071015052103435,0.0526823620223852,73352.94,130093.350963355,878.98,0.033683048039757,54178,21.737436696532917,16.614725360342813,7.35908141962422,985,189800
27163070106,0.0326418547895058,0.0719951189749847,101985.82,199449.112202493,1439.88,0.289878542510121,95694,4.993826313623268,11.757442721909726,48.8686131386861,1304,272e3
27003050210,0.0285569876168815,0.0624210260298206,95850,170585.077446165,1226.88,0.15910676901605,84773,8.705412821152407,15.415315540034921,11.48691767709,1320,256600
27003050208,0.0484408113835907,0.0184680593399939,99202.62,150407.612391387,1039.44,0.233201581027668,110725,21.665174574753802,9.459862727544015,15.6331877729258,1667,218950
27003050227,0.050328853302831,0.0374606805833572,92568.38,150202.417831507,1273.74,0.74051724137931,88114,11.337083513630462,7.6157507572479455,27.9874213836478,1431,226800
27003050228,0.0540618675917895,0.0372940156114484,97257.22,144320.17378164,1377.4,0.291525423728814,82145,13.490529570931582,8.967916505604947,38.4259259259259,1230,218800
27003050222,0.045771144278607,0.0135323383084577,120180.28,194182.451832263,816.5,0.824807288016818,112336,11.501010472166085,8.175638434686753,13.1624927198602,1734,277100
27003050219,0.0433596118859915,0.0275924802910855,107698.48,164292.444276539,1297.88,0.272066458982347,91406,12.05553674229597,13.88418557399255,9.27643784786642,1433.5,238100
27003050220,0.0440451021846371,0.0454545454545455,95921,145004.155647903,1121.8,0.41795154185022,105219,13.410666289432735,10.383363983590325,29.171974522293,1694,248100
27003050226,0.0380801269337564,0.0150733835779453,105953.3,163334.86966377,1952.5,0.552570093457944,90385,8.492975734355044,9.70625798212005,20.8370436331256,1342,226700
27003050221,0.0360664976049591,0.0242321780783319,110071.3,178792.85984133,1053.64,0.680555555555556,106638,5.896907216494846,8.920962199312715,49.9775078722447,1378,285400
27003050223,0.0315369261477046,0.0155688622754491,102357.86,153622.327162826,1096.95,0.305043050430504,106793,6.993736951983298,11.934585942936673,8.76451953537487,1367,241200
27003050225,0.0291185729275971,0.0301678908709339,98481.26,157042.236494144,1349,0.374193548387097,96328,8.639465659939015,9.728473936401917,40.0461893764434,1713,254850
27163070105,0.0280872794800371,0.0645311049210771,99517.86,219831.771817152,1349,0.224137931034483,101667,4.853658536585366,17.46341463414634,13.1438721136767,1125,285150
27003050224,0.0338733431516937,0.0220913107511046,98393.22,145961.730260672,1180.96666666667,0.165739710789766,102565,5.657395701643489,9.323640960809103,22.7670753064799,1688,233300
27163070104,0.0239146431199411,0.148270787343635,69487.7,176740.914242539,471.44,0.186868686868687,60366,5.246008471814923,16.650374714890845,15.4605263157895,1091,220500
27163070103,0.0413442940038685,0.124032882011605,55208.18,147603.286739705,850.58,0.119858989424207,52971,13.864187550525465,10.347615198059822,22.5677476677032,942,187900
27003050110,0.0287929125138427,0.032484311554079,86013.66,144320.17378164,674.5,0.237695078031212,82368,5.955522050508858,8.970976253298153,15.0451354062187,1292,240200
27003050111,0.0264861683343143,0.0526780459093584,81847.38,141515.848129958,1182.86,0.308707124010554,83929,3.7894736842105265,10.868421052631579,20.5075445816187,1139,230900
27003050109,0.0337194869673149,0.0355812991311543,80376.26,140900.264450321,958.5,0.35016835016835,93427,5.606060606060606,10.871212121212121,22.6425146510389,1563,224700
