TRACT,poc_diff,age_diff,hhi_diff,emv_diff,rent_diff,bld_diff
27139081100,1.6567444669491325,3.5582485863693716,12789.800000000003,64134.491877597,289.29999999999995,13.599544678777704
27037060904,10.378847793821325,0.2426964609557558,-12984.419999999998,34172.912731394,170.29999999999995,-0.3400744749622895
27037060905,8.264232921506252,-2.6374106667624373,-10260.660000000003,40470.343785417004,-351.20000000000005,-8.311927039311506
27037060820,1.740508654893878,4.748640093696571,320.0599999999977,79400.71779372901,619.38,-4.508873852450499
27037060821,7.752620739226844,3.1676680253151357,14306.36,155719.682659615,5.899999999999977,18.4407180670157
27037060902,0.0472096989107591,6.064333944242928,2392.9600000000064,108603.910086891,240.596,52.698623761718
27019091100,8.686878990597164,1.102377268965987,13896.820000000007,113696.335474122,74.27999999999997,2.7878232038155986
27037060906,7.9576189018167,8.126798039140642,-6749.960000000006,47163.88364185899,371.5,-51.25238847073081
27037060907,4.494255631289288,1.4978652969392954,20812.759999999995,80409.74688326399,-8.660000000000082,-15.435776295393794
27037060815,2.2214318859089675,8.605177967999609,-3037.199999999997,117246.599924443,-130.81999999999994,29.205039276932997
27037061108,5.260291596649932,1.6593604185834625,3516.6200000000026,37243.483188515005,101.89999999999998,-5.707519760380702
27037060818,7.758619370278313,3.3603657819294908,-10926.440000000002,64379.03286739701,-142.5,-5.309340611116504
27037060813,6.627222033606097,12.547094373505821,-37970.240000000005,57324.63165848103,195.33999999999992,-0.01635514681340311
27037060816,7.223309792005089,3.478781900616223,7385.360000000001,72514.60143558698,595.06,-49.8535877078387
27037061107,3.606541340836768,8.847036889986015,-28470.520000000004,58575.991688704,157.84000000000003,15.199450896774302
27139080903,9.642479703379827,8.170272200203797,10574.580000000002,156855.685681904,-1325,25.019488222335205
27139080904,5.694406306140815,8.37705451667875,-14945.940000000002,53004.11786928601,133.91999999999996,-1.6266488067421
27037060819,10.295006368904222,3.1373690792450293,4162.460000000006,54923.85719682701,496.44000000000005,-40.992738536535796
27037060814,9.374303831293611,7.607649654299582,-1977.2400000000052,52589.251983377006,548.28,-38.6738788840448
27037060817,8.376512862405352,5.831068283531544,5752.979999999996,70669.24820551599,544.5,17.9612071494346
27139080906,5.670402564899849,7.510474774022974,-6541.179999999993,51503.26785039701,184.18000000000006,-9.464660574392
27037060742,9.11498405650572,14.493265552860986,-9577.580000000002,50563.92142047599,443.5,-14.14478217008243
27037061007,6.47673375446698,7.669410581503639,-17969.559999999998,47018.643747639,-569.5,-36.0155844155844
27037060829,11.994692712709913,3.3748524658250796,-14563.899999999994,84726.69059312399,-71,-25.4040982877693
27139080205,7.202320566822924,5.430188328041444,-6958.899999999994,35346.826596147,533.5,-54.6534351748596
27037060746,5.935718387268755,9.73452688568968,-11071.839999999997,50374.72610502501,-82.46000000000004,-27.9083212484657
27037060812,16.13383120968508,7.526690759039535,542.1199999999953,46560.82357385699,205.44000000000005,-6.088666385237089
27037060739,30.232077261780194,3.0684728704530704,-13672.539999999994,48812.78806195699,-57.40000000000009,-10.901581297639003
27037060826,10.256321413245985,6.033525856470317,-2874.9400000000023,65085.946354363,-235.20000000000005,-1.4660128870659044
27139080204,4.351851851851901,5.307180948206586,-18250,189354.363430298,436.64,34.1278833913859
27037060828,17.182607168967866,3.700994714596045,-4409.899999999994,51502.833396297996,-27,-20.138363129407892
27037061105,6.0979396127611505,0.3772201896823528,-14376.320000000007,26782.43294295401,-97.89999999999998,-0.9153068756478397
27139080905,4.881916800509067,4.3888755906160775,-24678.679999999993,71482.092935399,858.4000000000001,-21.0226330191717
27037061003,5.123006734959826,8.50272739096174,-4311.020000000004,131226.256139025,303.98,10.9584337900937
27037060811,8.083534584824775,11.536375704667318,-13435.619999999995,48481.18624858299,-62.180000000000064,-10.72513674421897
27037061106,2.155374955739771,7.542696414363782,-38729.600000000006,42001.30336229701,34.98000000000002,15.2247517608257
27037060745,19.7143154542539,9.631634323781444,-20483.119999999995,46567.35927465101,-66.38000000000011,-16.4563904940422
27037061008,19.320109926624625,-2.07232073917951,-5114.199999999997,48104.94899886701,141.12,8.825604192984951
27037060823,9.17676901714923,8.576911977915378,-8255.539999999994,49482.56516811502,-243.51,-46.2455698241738
27037061009,14.50423102949806,-7.239230770960131,36634.8,154781.601813374,780.12,13.014157014157007
27139080302,21.373110924727346,1.775361890026042,2287.2400000000052,82596.35436343,648.46,-1.608188590550597
27037061005,3.0621141915347856,4.715573440793046,-14171.600000000006,51600.188893085986,59.620000000000005,-26.920944251432235
27037060741,27.427545239108152,6.741793230237198,-13749.960000000006,59542.274272762006,39.48000000000002,-27.666434362674902
27037060824,20.272956903046108,8.08279060523949,-22468.380000000005,54722.74272761599,-329.94000000000005,-10.97312249659575
27037061102,4.575257772806378,3.4503257781950385,-9883,42499.31998488901,43.620000000000005,4.850478781232299
27037060825,2.768807056333011,9.339487721996166,-5210.699999999997,60679.50510011299,250.77999999999997,-28.60017927503758
27139080700,7.688681388586016,0.7899684205743354,7062.5,26269.342652058986,-44.10000000000002,20.9599818012929
27037061004,6.482227126072112,6.705528462019832,11266.539999999994,101380.80846241,-305.5,-17.558041068474104
27037060711,14.310395282975918,4.2903177839655235,-12329.54,51029.24064979199,-89.81999999999994,-3.3255132927383
27139080202,7.648882139122687,3.2015692568149907,25623.320000000007,44560.97468832601,282.02,-31.60561533855831
27037060806,8.14470564345141,12.545839231214874,-29379.22,31889.081979599025,206.5,-17.73562276145651
27139080203,16.64530752806389,3.220913966997382,-12892.259999999995,37481.601813374,18.24000000000001,-6.427589140478698
27037060709,12.886247103990396,5.607368522379561,-15408.919999999998,45594.18209293499,322.02,-15.2598950882213
27037060713,3.2401278432483016,13.206997159371618,-11038.979999999996,49446.78881752901,171.66000000000008,-9.011387612358758
27037060710,9.04120862481858,7.015990683646793,-20921.839999999997,43138.760861352,-59.98000000000002,0.521396671187599
27037060822,0.46889242510853,12.216887852055551,-11645.339999999997,45834.05742349799,-519.72,-25.259002854193277
27037060805,27.514217396180065,1.32204601592269,-7312.940000000002,30859.671326028998,107.67999999999995,-8.7580362361192
27139080201,5.85498604599125,8.503088114333778,25725.820000000007,93150.45334340801,-664.2,-7.7458575235137985
27037060714,7.787882106730358,8.906003960858506,-13729.059999999998,43172.988288629014,119.48000000000002,-10.155173643300259
27037060738,13.544094251411632,9.133847922038253,-812.179999999993,51231.43180959599,-34.75999999999999,-21.04506481825979
27139080301,21.673766249181146,0.3309650371967843,-2555.8800000000047,81865.602568946,103.24000000000001,-4.849292627033606
27139080100,21.469108507563995,6.4109639120519795,-12004.519999999997,43291.95315451501,38.379999999999995,19.795918367346896
27037060737,17.870343010216153,4.047185770423326,-15635.86,53248.73441631999,2.160000000000082,-12.665327760589102
27163071400,14.43518610917074,5.1227588730333,-2.1000000000058208,52587.193048734014,253.07999999999993,-17.648755238142
27037060734,11.760397688480511,7.913139788839979,-3725.979999999996,71397.88439743099,-98.90000000000009,-4.1846272289475
27037060748,21.836804594318416,-2.6228783159042948,-8379.979999999996,49984.86966376999,-157.05999999999995,-16.3130905152554
27037060732,7.219298136271753,4.033290952265203,17791.940000000002,68942.066490366,251.3599999999999,-42.06413271695795
27037060731,2.5549616698860955,10.096972373167528,835.6999999999971,68514.355874575,-16.6400000000001,-3.2070572232457
27139080600,19.15459405373808,5.829923066312052,-16398.020000000004,22783.339629769995,301.29999999999995,-28.6026997111902
27037060509,17.393813895456525,11.393614141345388,-28198.339999999997,54923.25273894999,-211.27999999999997,-42.402418758296406
27019091e3,7.997772361558855,-1.8901151820111366,-3810.320000000007,77348.24329429501,34.98000000000002,22.233227112221204
27037060744,13.680755709117848,7.906585160511,-21804.140000000014,60215.05477899499,63.5,-42.959113906741436
27037060508,9.46567928002027,6.077720000780027,11465.559999999998,104405.137891953,-239.05999999999995,-3.6963020338510972
27163071207,6.223935657142624,6.987390111161082,-6333.580000000002,62522.289384209,18.059999999999945,-18.8779330286581
27139080500,5.413873889540929,0.4601555106635473,-18381.600000000006,21814.469210426993,100.86000000000001,11.21578890303186
27053025903,9.362723148281137,9.5019962539704,-21818.440000000002,87549.65999244401,44.11999999999989,-7.454045881206211
27139080400,15.03633138444512,0.7008873235627284,-11059.980000000003,24701.907820174005,-84.10000000000002,-7.102843799793841
27037060735,20.28517393906518,6.551062275984935,-14986.199999999997,48908.651303362014,-48.8599999999999,-11.4560113848076
27037060733,8.057430176087035,6.945798923306743,-3617.8399999999965,67845.957687949,-95.83999999999992,-12.814806797750581
27037060747,10.58648588908484,10.346249910736816,-9595.240000000005,47763.430298451014,32.65999999999997,-16.842790935299078
27053025805,9.617043123045928,3.048816521605854,-18028.86,75906.06346807699,-120.96000000000004,0.3002039489653301
27037060743,32.55224716892108,2.0124744416483225,-27842,46471.439365319005,-221.6400000000001,-17.38750855336119
27053025907,4.000989186716153,11.114762452402207,-6711,83097.223271628,62.98000000000002,-12.770117924912078
27053026018,15.180148345901713,8.121150851328274,-774.9599999999919,93927.86173026101,562.5,-2.0713018871685023
27053025801,13.045833399317122,4.940021263778219,-6122.580000000002,68430.732905176,27.220000000000027,22.60868651249321
27019090702,11.641695653769833,4.40576978302317,-7848.579999999987,104178.56063468102,748.551111111111,27.298361725431697
27019090800,5.77367914937414,5.280686130566987,-6175.139999999999,65910.61579146201,90.55999999999995,-4.338092529083799
27053025802,7.402310556634095,5.790776868972992,3883.9600000000064,76849.11220249301,-37.5,-0.34582392463327993
27019090900,3.2516958006103494,4.8705523078632735,467.22000000000116,55280.22289384197,119.22000000000003,-34.4912897364486
27037060721,17.94872721366262,2.4866582149194,-840.3999999999942,44976.822818285,27.940000000000055,-8.4058771542201
27037060730,3.9750427221528213,3.716790331470678,14884.98000000001,52121.30714015901,266.84000000000003,-38.724923252659366
27053025803,16.02164992217349,4.628993241558636,-22804.020000000004,68868.15262561399,-86.36000000000001,6.96242462771389
27037060729,7.029188555533063,10.882395374020149,-20609.640000000014,67518.51152247802,-398.48,-24.259033732841704
27037060750,16.91352079240386,9.94466935626086,-21599.240000000005,47800.64223649399,224.17999999999995,-11.294477879843768
27163071209,10.573330796709408,5.871619085150729,-19595.5,54400.226671704004,-219.27999999999997,-60.156185279958706
27019090302,3.0741053817976867,0.3741581639739815,8160.1600000000035,100800.43445409901,229,-1.2499649162200015
27053025701,7.943010715286848,0.9047992699609786,-7792.600000000006,85526.67170381601,-39.5,-3.7610448608745104
27019090401,3.791545129399526,3.7858519520145,4579.960000000006,158521.533811862,5.539999999999964,12.296066986387899
27019090402,0.8903065983205494,2.4812128774475966,18636.559999999998,132449.848885531,-29.460000000000036,7.410378338207103
27019090301,0.8414245386521371,4.094446567473273,3514.3399999999965,70932.69739327501,-48.360000000000014,-6.2340476727748
27053025301,4.940344369084995,3.399454730326127,-6406.080000000002,65150.88779750699,-19.779999999999973,0.9867669360367302
27053025906,13.385176690804652,8.133977723191329,-12034,91951.39780883997,-184.1400000000001,-6.758368002579931
27037060716,14.812577984834988,6.051859453792374,-14902.679999999993,70830.14733660701,18.25999999999999,-8.264174946322301
27163071208,10.443624089523492,6.92100198945103,-7201.639999999999,51755.15678126199,188.24,-2.22693531283139
27037060725,8.946050876167327,6.898216084362155,-9123.220000000001,58988.137514167,-142.16000000000008,-3.5494486927304294
27053025302,9.837186525185594,1.9032119025590752,-11416.839999999997,59845.63656970201,12.620000000000005,-3.6170865824808107
27053025702,20.024280531377414,4.305780484353001,-12464.020000000004,73369.92822062701,105.70000000000005,-9.595963621021001
27037060727,6.361874701614138,9.327366255934114,-15953.419999999998,54697.27993955399,-143.94000000000005,-21.357317391696988
27037060749,9.52642798612521,9.755774479542108,-8630.660000000003,88859.48243294301,-25.360000000000014,-32.89952996474737
27037060728,6.856160855951167,4.938107821311852,1344.6199999999953,90433.037400831,-26.819999999999936,-13.810856894091499
27053026016,8.6739785671088665,8.728420773758991,-1540.4199999999983,114167.39705326801,-26.980000000000018,-8.0065601262701
27053026022,13.589889354306495,5.280153947129288,3587.320000000007,147955.345674348,1850.72,-17.180545000542807
27163071300,9.954608692589463,1.0529594604113814,-1912.1000000000058,33560.993577635,124.27999999999997,5.663286344131361
27053025100,21.344069705491574,4.2029659902482575,-3572.1200000000026,66716.868152626,-67.66000000000008,16.4066859582163
27037060507,5.912953330254156,12.286654175146179,-14449.100000000006,57169.09709104599,47.559999999999945,-25.434322107150898
27053026021,2.8369995905026837,6.17865948327561,-4447.3399999999965,126592.670948243,892.74,-62.27960500135069
27053025403,29.9490507932083,-8.695713783593447,-4639.32,65234.812995844,-24.420000000000073,-2.95404814004376
27053025205,15.683998899493773,-1.8447362767538085,2397.179999999993,57691.95315451501,224.17999999999995,-0.9510112249838321
27053125500,13.633494608534779,2.3084191819606907,-17557.259999999995,62997.35549678901,-63.51999999999998,26.12496191081075
27037060503,10.65264518809928,6.72626402873962,-2149.5599999999977,42938.723082735,-32.120000000000005,-7.701899137877871
27163071206,13.147355412530638,4.757522640958221,1784.0399999999936,137876.180581791,-163.57999999999993,5.453692696337001
27037060726,16.648385418068617,6.516456007721382,-10062.559999999998,65472.988288629014,-84.29999999999995,-3.308572243049799
27037060505,15.733550052939842,4.012562144843617,-6897.179999999993,124931.96071023803,-150.0999999999999,-1.3732078579806988
27037060717,16.10595450128616,1.7777155336852477,-10873.179999999993,68244.635436343,-525.06,-35.307378813109
27053025601,10.584911748901972,0.11440227548831672,1850.820000000007,70026.596146581,374.86,8.8374002367587
27053026015,7.168349740367139,9.058627312510822,-16103.520000000004,104897.695504345,41.5,-20.673777847409884
27053025905,5.48143037531769,13.305268819155422,-31106.359999999986,105756.38458632398,-440.46000000000004,-3.5352015130124395
27053025605,6.974462466204816,3.2742947272573026,-4300,85896.958821307,42.620000000000005,6.563947246125987
27037060502,20.743156915569706,4.905963437687665,-8291.220000000001,38633.962976954994,24.220000000000027,-10.933306037031969
27053025401,33.924004904112586,-2.1100451105672313,-2213.8600000000006,61781.97959954699,16.539999999999964,-6.99431901791248
27053025603,8.646690311354153,1.4228977229419826,-3288.6399999999994,80001.92670948201,351.98,4.116305960380487
27019090701,6.147298045808352,10.094267963630596,-15273.440000000002,80042.51983377399,595.26,-36.00626450510979
27053026020,13.384782252990355,14.577739317601768,-19194.059999999998,89018.43596524399,228.91999999999996,7.422555442248402
27053026019,37.01814182922783,-1.3233578298809285,-9388.14,NA,-21.019999999999982,-4.6221816524898
27037060506,9.515773593835508,3.084778871609796,-13121.619999999995,53747.449943332,168.4000000000001,0.3329878394017953
27053025201,24.604497783142484,-0.5696538807365261,-12747.779999999999,55638.47752172299,-82.25999999999999,2.255013453247791
27163071003,9.118602895315629,3.577029800857746,-984.6600000000035,40020.306006800005,57.65999999999997,5.71279152942747
27053026007,10.877028536963397,6.103339958343642,-34098.5,98575.72723838303,-62.07999999999993,-10.734465925844898
27019090601,1.242042154708269,7.91427335614553,-26595.660000000003,74260.86135247399,45.67999999999995,-21.50617718740126
27037060606,2.555485804928561,9.578141954957454,-6072.619999999995,75223.34718549298,347.18,-41.5927062055614
27163071018,17.302246027559626,4.0301975387445825,-17236.899999999994,90879.16509255802,-427.98,29.332645088524295
27053026014,4.337817768360354,7.7866809165577,-67.13999999999942,99080.789573102,847.78,-16.11278491883599
27037060605,6.931628449411427,4.660869054511016,-17133.5,76970.646014356,-78.75999999999999,3.2193994403804016
27053024903,24.558920318391877,0.7291268949517455,-12326.699999999997,57995.84435209699,-15.580000000000041,-1.67464114832536
27053024802,15.229951625166905,-2.768232709870915,-5193.059999999998,60330.90290895401,-27.299999999999955,-1.2645178348911839
27053024004,18.650516474260826,-11.78277083196351,988.6399999999994,68191.08424631701,-53.90000000000009,-4.7301452154968615e-4
27053024600,15.40106181241747,0.7635311212787137,-11901.800000000003,63731.77181715099,-107.86000000000001,13.886992182812172
27053026005,13.306175840553507,5.485989689955783,-12989.64,102501.775595013,380.44000000000005,-12.934136420525661
27053023903,11.15666966815115,3.6021494739272946,-6900.8399999999965,190735.17189270898,7.1400000000001,-3.05419047206483
27053024300,16.802344450625448,0.11579978903215693,3286.0800000000017,61995.84435209699,0,-6.890617513024152
27053026006,9.76936879551741,8.34678233477941,-17015.22,117277.767283717,-130.42000000000007,-11.46162405877202
27053024003,22.140540982278303,-5.417270581450664,11393.86,178706.403475633,78,0.38157024126523
27019090503,2.236007968357069,6.398322034999926,10765.960000000006,127941.02757839102,135.5,-37.6845182169328
27037060402,24.483308792466342,-2.2087952201851824,-7497.600000000006,28904.495655459003,78.13999999999999,2.3383635164368197
27019090501,5.488378184162636,3.1287380354881567,24428.14,161109.822440499,-81.1400000000001,-10.402651682811701
27019090502,10.238967531017312,2.263206413016105,-39300.70000000001,124565.88590857602,328.28999999999996,-13.73361588572321
27053023902,13.967952844928439,5.630579349438982,25667.20000000001,187438.60974688298,-27.679999999999836,5.36314423134975
27053024801,28.84782286534283,-3.687138501448148,-2286.300000000003,59995.84435209699,-25.25999999999999,-1.5021459227467802
27053024500,13.796777540703268,-5.506351657033363,2303.4400000000023,63891.95315451501,229.62,1.43839188825087
27053024902,21.419178141977508,-7.080283616515608,31.75999999999476,60099.735549679,151.08000000000004,0.12449506840242502
27053024200,6.178666539851621,-2.1968245951211305,3408.479999999996,66363.808084624,175.8599999999999,-4.76539589442815
27037060401,12.964191482861985,-2.7300923484756527,-8868.82,35039.11975821701,316.72,4.96609685892433
27037060301,19.91183301630638,-2.027066825122411,-2660.9199999999983,40137.381941821004,-59.799999999999955,1.94532083428785
27019090602,-0.971281509376265,1.5779926891586982,18538.679999999993,98521.722704949,244.67999999999995,-8.276930943022428
27053023901,-0.6827077545189315,2.3419837637074234,-1493.2200000000012,174389.93199848902,470.18000000000006,1.111479441050546
27053024006,5.416818237699699,-5.130390526282337,21360.86,187766.150358897,1851.26,7.349272349272309
27053026013,5.014109143889979,6.527922339883721,-12334.460000000006,93052.41783150699,173,-15.2375077112893
27053024700,19.793003025923365,-6.415674715947496,-8862.5,61627.88061956901,103.10000000000002,-1.4845265722069296
27053024005,16.28287664548899,-23.372063190475693,2368.220000000001,31609.709104646987,-51.48000000000002,18.804682617623406
27053024400,2.3740488533808204,16.839358627334054,-14288.839999999997,62099.735549679,496.05999999999995,12.246575218985399
27037060604,3.0350654560492973,5.162336138487159,-13857.160000000003,83936.28636191902,-52.3599999999999,-4.133223199807729
27053024100,19.363952210257324,-4.957348542625304,6584.820000000007,68788.06195693201,170.44000000000005,-2.716406974873059
27037060103,6.4115783438819935,-0.2279449108236946,-17403.520000000004,41026.841707593005,-45.59999999999991,-5.038999055712937
27037060603,4.570393947892311,9.95913677029633,-6451.699999999997,93483.45296562102,379.5,5.1271585142128995
27037060302,7.916969226607154,-2.292694655755785,2046.8399999999965,36582.86739705299,35.940000000000055,0.45989099826521995
27053024901,21.940608345868224,-0.8162098514187583,-4205.240000000005,40939.554212316,580.64,-6.470237306111629
27037060104,27.484990379218978,-10.869591215110628,-6165.760000000002,45821.439365319005,-14.639999999999986,-10.047540474559499
27037060105,21.534149475325943,0.16678869620050563,-3762.5599999999977,33264.48809973599,44.700000000000045,6.311913445168541
27053023700,5.269659761849444,3.426152663011532,-17814.440000000002,160875.63279184,518.8800000000001,10.83523988222672
27053023802,15.086693452240603,-3.084337259521991,-8191.679999999993,157297.20438232,134.46000000000004,9.031368284191911
27053023801,4.134804323031399,-5.381436552221695,15688.919999999998,240143.785417454,121.07999999999993,5.08274406540627
27053011704,3.5494591514487155,-3.7709271067783163,12263.380000000005,127056.479032867,237.3599999999999,-0.14215781339069
27163071016,3.0265677121605226,7.436038427190677,-12954.399999999994,82598.224404987,-950.5,-66.2556693748671
27053023502,1.6737303773225776,2.9302546657645863,374.9799999999959,283419.097091046,-224.79999999999995,3.0692797950148396
27053026104,15.471577713549161,6.013222226831017,-4405.880000000005,155386.38080846198,13.440000000000055,-13.17751540869685
27163071014,5.217721884977278,7.150030890758552,4630.860000000001,68438.38307517901,-455.41599999999994,-39.5805588875906
27163071012,21.90525648477952,1.0886321199467073,-2075.720000000001,58747.412164715,-219.42000000000007,-37.086670061256896
27053027504,5.247989802500625,8.44352403861653,-10982.279999999999,145283.90630902897,431.1400000000001,-11.388283708545117
27053026208,5.705762520660576,7.061784989594768,-21366.839999999997,92622.76161692501,-19.700000000000045,5.24659003277424
27053027503,3.2260289831169664,8.798412240276315,-10741.679999999993,161718.927087269,-271.8800000000001,-9.888511361223198
27053027700,3.718179222591908,3.726481122201471,17423.759999999995,112454.854552323,674.8,4.1116505261158025
27053026207,4.84073793824091,9.450179560167669,-27994.839999999997,99054.816773706,-124.59999999999991,-20.18251701350289
27053012101,3.4313674289703613,-4.39817353505918,-1795,86303.173403853,170.72000000000003,0.928792569659443
27037060201,15.87317284782687,2.701651919806528,237.3399999999965,33078.541745372,172.32000000000005,5.63444452881771
27037060202,8.533925107372264,3.1362514435814006,-15732.5,36465.111446920986,39.34000000000003,-0.6903614463347001
27123042503,13.895473979525727,5.7079552477802755,7848.800000000003,53378.20173781601,-54.5,-35.310238844968495
27053027501,4.844123522284445,5.755313226577586,-454,328662.636947488,18.120000000000005,1.2908901557258794
27163071015,9.98630405669502,9.413440109349924,-11562.600000000006,62460.672459388006,-355.98,-42.283428546729
27053026103,12.400366650725335,6.872708432966709,-16923.479999999996,91270.79712882501,-390.6199999999999,-5.81448543405065
27053026205,3.371723310861946,4.222375912536247,-21400.440000000002,101699.168870419,-114.10000000000002,-12.7585931353265
27163071013,5.025546710245566,2.086743479799992,-4211.979999999996,56057.820173782005,-281.70000000000005,-27.896437335832612
27053023400,25.092711674134023,-0.6833483320960401,-13047.32,96476.38836418599,-78.5,-3.68738218373138
27053023600,3.7527938433566876,3.458566480149255,73889,401188.439743105,242,10.4499274310595
27053026206,5.201324527685573,4.441124307314368,-7095.039999999994,95498.56441254201,140.10000000000002,-3.60637050723113
27053023501,8.16577926963366,-4.276723189999458,-2008.4400000000023,147321.458254628,54.42000000000007,-2.1756612708474794
27053027400,1.472112230497896,4.223118268741482,-10485.859999999986,279368.3415187,1303.78,2.1182266009851993
27037060101,19.219552199293535,-0.8753874862685294,-9130,29122.25160559101,3.0399999999999636,2.0754285982614906
27053026201,1.3620847397073916,7.152406246124569,-21579.759999999995,107919.34265205899,375.98,-2.213615355593281
27037060102,7.01727844365918,-2.5300504670200343,-6583.919999999998,31770.74046089899,-13.440000000000055,-1.0719166129327997
27163071001,10.404020939117125,2.8134974237701655,-1060.4600000000064,32850.20778239501,75.96000000000004,-2.8449087779865696
27053023300,17.807750226901053,-2.5956875660193806,5530.220000000001,83891.95315451501,-28.720000000000027,-0.40813772153268957
27053027602,0.7686676213699348,5.0659238113094185,-3750.2599999999948,58052.13449187801,98.05999999999995,-2.23470266020362
27053022902,3.2118515180532885,1.622824311384015,3842.7599999999948,191821.212693615,230,0.42392005157962
27163071017,21.054233916058173,2.397593767719674,-1134.5,147588.628636192,6.5,-19.4097842965824
27163071010,6.74047861495429,6.037594788609043,-11579.160000000003,54055.723460520996,6.559999999999945,-69.11020375959126
27163071006,15.267398397725444,9.247070873811495,-25235.259999999995,36006.42236494098,-23.279999999999973,-29.2220063199433
27053023e3,3.6892299499077943,1.1067202752239922,8448.04,120549.319984889,392.84000000000003,26.27056685737002
27123042504,21.837062878105876,1.807988902330223,-8688.259999999995,46922.53494522101,252.62,-9.522472567324089
27053023100,4.612657563025214,0.9504512032085568,39389.899999999994,288710.899131092,107.01999999999998,10.898562415372634
27053026202,9.525178637868365,5.862207954512977,-6520.720000000001,111327.52172270499,275.53999999999996,-4.690872511245679
27053027203,-0.17169894138056518,5.454622402941478,3821.8800000000047,265878.692859841,57.1400000000001,11.121827071194199
27163071011,7.482809971076376,4.92331924947585,7922.259999999995,62788.83641858699,226.7750000000001,-84.87975971890214
27053023200,32.66795922074412,-1.0346820795486966,6243.260000000002,104989.42198715499,-11.559999999999945,-4.004093559723501
27053026101,5.75972307466766,3.2184692742197996,-7718.559999999998,85082.508500189,700,0.23677688129514962
27053022901,-1.1666299778140576,3.297594074534448,5792.1600000000035,198698.526633925,256.31999999999994,20.0663621689821
27053026302,3.130455601999182,6.346187830186425,1427.3600000000006,116983.79297317701,569.9200000000001,0.085970915312231
27053122500,13.686904619899487,-3.426856852586468,3540.7599999999948,76371.38269739301,-13.420000000000073,5.604118347646221
27053022302,8.073351361989616,-1.9102248876022472,-11596.620000000003,74445.183226294,-5.720000000000027,8.489901415860377
27053027601,3.2135012450121794,1.8564241067735896,-6217.399999999994,71156.02568945999,22.58000000000004,11.956859984657068
27053122600,-1.8639654740543037,-0.6012423417022088,16539.22,88527.01171137099,325.84000000000003,6.55517085654072
27053022301,5.154107054363849,-1.743028337162695,-5850,101339.62976955,132.22000000000003,8.245538274333189
27053026402,17.876254373486102,-0.6804595112680971,-16031.539999999994,101705.855685682,-27,-2.7217179884495204
27053022700,14.092071611253166,-3.067707632251972,-2190.979999999996,89178.97619947101,-47.700000000000045,1.528526211067267
27053026301,0.5880851447189919,11.900007173804564,-57070.94,144312.29693993198,-88.92000000000007,-9.269909467546498
27053026404,1.4760794842370553,8.8670152013064,-8303.660000000003,116104.68454854598,-138.72000000000003,-14.529048505330508
27053027201,3.6359956653625978,10.071783061171594,9562.799999999988,288385.71968266,148.0999999999999,8.4725761309996
27053022802,8.181397592764917,-3.2769104595842524,-1229.9000000000015,131471.212693615,51.620000000000005,-0.06313406010484002
27163070910,23.563255972997133,5.840991406039732,-9706.660000000003,43311.862485833,189.8599999999999,-14.636034936280598
27123042501,24.400588585863517,0.345224784344186,-6302.459999999999,32220.324896109,69.74000000000001,-5.7482171612606
27163070406,5.9361988475385665,6.4259057124557915,-13781.699999999997,82216.33925198298,234.53999999999996,-16.480007158180904
27163070701,1.2229987873985948,17.73097509003667,-18460.339999999997,105862.73139403103,1325.48,-18.996153815481392
27053027300,5.089221435351256,9.541957497864672,-20517.86,320190.782017378,-57.57999999999993,0.39804933377829954
27053022400,14.267047903245947,0.020686890946805647,-2105.2400000000052,91702.550056668,92.53999999999996,1.6660659072342898
27053022801,4.339512319534624,2.6110557908550707,-963.9799999999959,199242.727616169,409,0.41282345164675016
27053022200,-6.419079948361908,-1.669409636121216,-13987.100000000006,92048.0355119,61.66000000000008,4.74799362296182
27053022102,17.395327553474793,-8.133674049837648,3617.540000000001,91653.872308274,-66.77999999999997,0.43675063928674696
27053022101,9.605199479739362,-0.025498215866120333,29700,87666.622591613,100.46000000000004,-4.6965799159820705
27053022e3,6.3238140656997555,1.1873369428002363,15112.919999999998,62420.513789195014,27.920000000000073,10.11733310742118
27163070912,10.60099521433952,4.480549756963606,-11427.96,49181.582924065005,-83.94000000000005,-31.338272490511997
27163070909,9.912731094272733,7.884583676619891,-10144.899999999994,46842.652058935,488.5,-22.814404673757778
27053021800,6.003350344773855,4.918059397197702,-16130.380000000005,194171.326029467,762.96,3.649639774128639
27053021900,6.851315943875274,0.541006474684572,6811.119999999995,132069.512655837,356.86,5.7763921647151495
27163070911,16.876594449570813,4.042133208749792,-15860.699999999997,51453.89119758201,70.70000000000005,-24.011042097998597
27053026403,13.125140077819246,-0.4219065315451971,-18319.22,106442.19871552699,-222.96000000000004,-19.436901157969398
27123042001,-1.5593014814401513,2.4251501782993383,-3001,86535.43634303001,225.96000000000004,1.0776517026965198
27053026609,11.973710276997654,6.07490777162038,-15960.259999999995,100145.67434831901,512.5,-3.2785987958401797
27053026507,14.489050726574916,5.881043017165323,-15202.619999999995,98605.421231583,364.84000000000003,3.5389286685398
27053026610,7.288717478716835,7.360527583643883,-8247.020000000004,98040.120891575,166.86,-4.231261114429271
27053027002,7.717366601517066,6.660365604220203,2796.5399999999936,99333.585190782,3.17999999999995,6.175617197591388
27053027202,-1.0823498790054167,3.29608875325596,9202.619999999995,96900.642236494,37.51999999999998,2.7120362682498502
27123042402,21.217851125664104,-1.2259842151963305,-7342.220000000001,33671.62825840601,128.10000000000002,-6.009511047057952
27053026606,4.874557000986475,5.559923158898725,-7394.100000000006,128313.71363808101,-42.799999999999955,-3.80071327972377
27053021602,9.744511733953619,-6.172244636091712,-7027.440000000002,91692.85984133,174.03999999999996,0.33553518607945065
27053021601,11.123222148568598,6.5869454099520315,3300.979999999996,90636.56970154899,123.59999999999991,5.5139075454648605
27123041900,10.318892834380403,2.9255940999726544,7026.5,60251.75670570499,263.64,12.30138004650983
27053021700,4.89946681425411,0.6426696625390065,-14588.080000000002,94268.605969022,939.84,1.2483058895755903
27123042002,11.931860081686391,6.802067667011025,-8079.459999999999,46540.215338118986,49.15999999999997,-10.7340173638516
27163070906,17.00577967114786,4.76804403722881,-3882.2599999999948,48285.077446165,89.27999999999997,-36.11824245695025
27163070704,2.542657385815579,1.3689840596434948,330.6399999999994,46038.288628635986,53.299999999999955,13.357358897613498
27123042202,24.703821598757656,-0.38183018597975327,-9036.199999999997,33227.049489989004,91.41999999999996,1.4121613622859002
27123042302,34.05214653438529,-0.015226166035384736,-11254.720000000001,27383.73630525099,36.5,3.5120266452398905
27053026514,15.114843083341194,3.839045858221933,-16358.759999999995,67200.20778239501,-31.11999999999989,-20.32746335466848
27123042201,34.78988908432605,-1.8322520267978142,4328.540000000001,24768.360408009,158.48000000000002,0.42144242637983
27053026512,5.756811786152442,10.105409967788766,-11028.119999999995,92179.50510011299,-13.079999999999927,-2.75505884345102
27123041800,15.760562423881288,-4.760428805495401,-2798.2599999999948,49207.140158669994,56.700000000000045,-0.6135484395919699
27123041602,31.888744185338957,2.946116035415745,-8833.86,56141.32980732899,-35.89999999999998,-0.3262859113457308
27123041700,8.48949822346825,2.9889460244166806,-12320.520000000004,54046.958821306995,-35.200000000000045,5.685782849893189
27163070405,1.6670751744992063,5.462727270036771,238.95999999999185,113915.07366830402,558.78,22.008220214749702
27123042700,12.250282715795331,7.23339140103683,-15674.899999999994,20727.03060068001,14.019999999999982,-0.07896190814918036
27053026611,11.175080603841815,7.465511368245776,-13861.36,79287.74083868499,-156.8599999999999,-26.00231873571343
27053026505,8.043861667050072,12.610229276895947,-22074.100000000006,103899.811106913,-68.38000000000011,-19.95683631932015
27123041301,10.281756017611219,5.042307855847881,-5870.320000000007,58666.282584056986,56.17999999999995,7.959710996036099
27053027101,7.579051556476493,2.983960170593595,5779.899999999994,260247.07215715898,562.36,12.038748868674201
27053020102,11.16246252882897,-8.08767844390088,7046.120000000003,101580.279561768,-127.38000000000011,-7.303220530729721
27053021400,15.40944027578823,-3.7691565154104065,860,47123.951643370005,-201.51999999999998,-7.751164109741929
27123042101,17.239612552538745,1.29804750277194,-9723,39439.17642614301,-128.33999999999992,-10.110388060514499
27163070907,17.90521221090563,7.34822719811343,-8638.899999999994,47915.37589724199,310.65999999999997,1.6768926113491958
27123041601,8.09715289990076,2.1938411073702575,-4343.5,53297.61994711001,-17.779999999999973,-12.61047876515905
27053021002,1.0943712675545072,8.75355958305029,-15576.820000000007,57891.95315451501,78.12,-1.0021209642763091
27123042602,24.403230957077113,0.07566450643376044,-8958.739999999998,15096.713260294986,-123.44000000000005,3.84759112783932
27053021505,15.032820457687103,4.987864045957583,-1581.5399999999936,58740.460899130994,-35.83999999999992,-0.06538504367092801
27123041500,8.611118903832207,2.5906080462858405,-4991.479999999996,52992.652058935,-134.55999999999995,-0.6188568846967599
27123042102,17.150371390959084,6.203638452075853,-15637.199999999997,54274.48054401201,-7.5,-11.24767068888998
27123041302,16.66237310221229,0.7867131177174258,-7375.899999999994,55594.597657726,296.18000000000006,-14.914593990837202
27123041400,9.680940157856861,-3.8837048666414375,6725.199999999997,55934.416320363,-54.75999999999999,4.580427166036291
27123042301,22.616739027757603,9.602945005570847,-13148.160000000003,52589.006422365,-244.67999999999995,-2.317989966162596
27053021001,16.116334816856824,-0.05939847352934713,-3617.3399999999965,55835.66301473399,50.139999999999986,3.648884553098842
27123042401,20.479370978920187,-0.40734908004776926,-11312.300000000003,33549.56554590099,140.6199999999999,17.6457427822419
27123042601,20.59241461130555,0.2506241625917056,-8016.360000000001,12411.44692104301,-60.059999999999945,-9.61659548644252
27053021200,13.820263128459063,-5.260761131078764,-3345.5,56920.513789195014,152.89999999999998,-1.7840530580301097
27053026605,6.189168800617065,17.86264444055448,-52622.28,105685.19078201702,147.8040000000001,-48.058598356148096
27163070703,2.300808612236711,3.94768885482903,-7776.320000000007,37511.90026445,-49.51999999999998,-10.31243068538298
27053021300,16.023382845708923,-6.147762893620861,-14553.900000000001,39312.693615414,72.22000000000003,-0.5851917203145796
27053020902,5.037536986770347,-4.694954058213382,9291.100000000006,54363.808084624005,94,0.0055248618784529135
27053021504,18.384255277621108,6.252847000952645,-24102.86,49476.38836418599,-140.82000000000005,-1.546738399462
27053026511,24.352138066654227,0.9103690660056873,-18005.320000000007,78225.34945221001,-124.18000000000006,0.6698453728459799
27053026613,27.072525120536074,7.558780051675586,3645.4800000000105,119774.48054401198,461.46000000000004,-35.5613697899861
27053020101,8.279523963955414,-7.517746765065997,14114.36,106268.605969022,286.3800000000001,-0.4702907301013104
27053021100,11.36949936890676,-1.991959123827801,-3060.040000000001,42680.657347941,-27.860000000000014,5.3429933684324995
27163070303,6.844576957555267,10.07807267650184,-11371.699999999997,95664.374763884,208.14,-12.312041874932202
27053026612,14.979328817490956,5.654738427815735,-32731.679999999993,120652.28560634702,671.24,20.6013053021277
27053026509,6.886654672669307,9.166412052898432,-21598.48000000001,72163.052512278,70.5,-9.25583754628608
27053020903,8.376716168498785,0.8500655087658,-2154.199999999997,54515.300340008005,378.46000000000004,3.7264910742823503
27123040402,3.3732762887678422,7.641760531329163,-6854.179999999993,39871.212693615,416.86,-10.6598114824336
27053021503,27.044097251120583,4.170577657993501,-15868.199999999997,51580.279561767995,-19.840000000000032,-3.665251194363812
27003051206,18.424590888987133,1.7526758071650157,2678.4000000000015,52778.919531545005,21.480000000000018,2.00956937799043
27123041107,14.459630911154784,4.747055720839091,-10691.839999999997,41218.398186626,-35.17999999999995,1.47218115148954
27003051502,20.366891120491836,-5.35342880361145,1253,66085.417453721,48.15999999999997,8.71559633027523
27123040604,12.35120807122581,7.404395514225534,-8624.160000000003,48447.84661881399,4.480000000000018,-18.0159882046675
27163070602,6.733956569906736,-0.44690755687986083,2141.699999999997,52570.343785417004,110.39999999999998,-2.35381843037346
27123040803,3.836625281990341,3.3743834277840854,2048,85948.31885153,146.33999999999992,2.6741578508747503
27003051400,27.726105829027368,-2.796744782746279,-4000.199999999997,52174.574990555295,40.5,3.793331716289649
27163070601,7.889791103878489,7.972203366812774,-12008.160000000003,57806.724593880004,10.620000000000005,0.11097876800939943
27123041103,14.706954337045492,2.986947664279004,-4752.360000000001,77951.322251606,-6.539999999999964,19.05425486777626
27053026510,9.547208173531162,1.9461919680252784,-7866.220000000001,62460.03022289401,60.42000000000007,-11.992485759301902
27123040704,10.086757340549264,5.080467136651663,-14236.020000000004,76719.739327541,149.17999999999995,3.48198556605686
27003051501,34.387741713682104,-8.311467657979199,-9676.260000000002,62026.105024556004,176.24,4.614261955673211
27053020700,12.381535709424618,0.720486279898255,-6802.559999999998,48515.300340008005,314.34000000000003,5.14792899408284
27053020400,26.366324705195133,-6.370240741518854,-6620.620000000003,47925.689459766,51.25999999999999,-2.735150210580364
27053020804,30.591054410235245,-4.292915919796714,-5177.5999999999985,50251.22780506199,-78.81999999999994,-6.2748212867355
27163070304,2.2125617492699234,7.395301052856244,-9759.619999999995,94771.212693615,166.20000000000005,-4.364832128074397
27053021502,28.291350845094925,-14.962863739327442,-11062.220000000001,45411.40914242499,-47.24000000000001,11.582993611374398
27003051302,20.311005662017976,-0.13214109590491319,-10635.96,70267.907064601,-15.460000000000036,1.5978071667232996
27003051305,29.818353737434045,-4.372989502529608,-9365.919999999998,60197.752172270004,158.41999999999996,6.04106220801574
27003051304,25.60069661468765,-2.7063801144285797,-5061.239999999998,59213.978088402,251.17999999999995,0.26451655958599973
27123040401,7.715536047172684,1.4077221776768205,-8302.320000000007,35522.70494899899,-46.39999999999998,-13.693718746031669
27123040302,6.446976266196038,3.1660907589749883,-13954.100000000006,36004.533434076,-145.03999999999996,-0.22269519724708398
27123041106,9.47808424637811,6.663167378795016,-5004.720000000001,54355.44012089199,61.17999999999995,-7.003669466394981
27053026508,-0.6277507525367554,12.38807954594997,-22271.339999999997,78666.98148847697,-77.98000000000002,-30.182742993742394
27163070502,3.006657670516625,0.12383540455965658,6370.679999999993,55058.63241405401,183.67999999999995,13.24819036024033
27053020500,24.547261789569877,-4.270013214617611,-3785.0599999999977,39142.99206649,69.08000000000004,-4.23089371687502
27123041200,20.959121618406098,0.3460830646384796,-17437.160000000003,23872.912731393997,-55.34000000000003,-5.9809191537281405
27163070501,2.792279028146905,10.50491147808816,-12024.880000000005,78729.712882508,83.20000000000005,-17.469861240341398
27123040503,13.638247423380829,5.117651923482823,-3789.5,55171.25047223299,1.7999999999999545,-24.24232093288245
27053020801,21.011582714222477,-1.1675775687943997,-7628.4000000000015,43987.155270117,282.14,4.55062571103527
27123040703,12.8958609282273,6.979540009349787,-11333.720000000001,80871.25047223299,213.51999999999998,-8.806871055257972
27053021501,9.942252770347782,0.6070680500063332,-9187.080000000002,50627.88061956901,-23.25999999999999,1.04161146928082
27053020200,30.95947630221073,-0.7704694994819015,-17207.82,38854.70343785401,-15.480000000000018,-5.388704893170969
27053020304,29.470741858849948,-2.9456170546848988,-11306.96,48199.282206271004,93.32000000000005,-6.260288238653542
27053020600,31.781765034972484,-7.459912539694816,-9123.480000000003,45364.639214205,0.6400000000001,-4.485830400232233
27123040801,10.01287059121958,8.426680398998737,-8014.399999999994,106215.48923309398,61.61999999999989,-4.285399164297999
27003051203,23.534805430502622,5.514929698085595,-21600.800000000003,52106.686815263005,-20.620000000000005,-4.26503448945885
27163070404,2.599859431794259,7.032324532844587,-18703,89339.32754061202,187,19.135267717357298
27123041104,-4.99154749493098,12.97103343864028,-13595.440000000002,59405.02455610101,341.76,-3.2145553893740004
27123041105,4.717999160953103,6.171754449273044,6261.520000000004,53377.29505100101,819.78,13.332275188261658
27123040301,11.529617298213024,-1.2569163289310321,9902.839999999997,40849.56554590099,961.5,-1.3415116739216397
27123040603,7.046464998800492,10.122496197422906,-6821.600000000006,57563.014733660995,-150.48000000000002,-14.82358015360813
27053026712,13.648908513942775,12.050546941410321,-18862.86,72739.176426143,-51.24000000000001,4.651380404019621
27053020303,30.58163055831129,-3.7185216328130757,-18651.36,45840.838685304,468.65999999999997,0.439468379944571
27053026713,7.111587693329194,8.242082094724115,-7375.740000000005,68503.702304496,11.740000000000009,-20.564875117268738
27053027102,7.1775300510677305,7.230561347055851,-8939.5,97965.62145825499,128.20000000000005,-8.356986382309799
27053026807,25.03100710985947,4.025580531649691,-16298.880000000005,53772.45938798599,-73.55999999999995,-5.48976943940618
27053026715,14.065414136734066,4.331698169775407,-7589.420000000013,160207.687948621,462.55999999999995,-0.40007625344140507
27053026809,23.909189011639818,-0.0401873585251491,-12555.18,51996.902153381,-101.75999999999999,-5.483375250455165
27003051201,25.205839680812463,3.412504846597372,-13827.580000000002,55098.41329807301,-33.799999999999955,-4.451566951566949
27003051202,21.395981701725997,-8.37044715422322,-2370.5,56361.616924821006,361.98,0.09706614168922956
27053026711,4.35659043961199,6.263912532847736,-22552,61185.908575746,266.0799999999999,-2.2574273027593104
27053020301,40.54080054554979,-4.481423300332418,-14459.520000000004,41420.929353985994,622.64,-1.1269488158340453
27123040200,1.480830521184851,7.208083364579473,-9540.899999999994,104497.412164715,110.53999999999996,5.701937446986099
27163070301,4.648370019708258,6.3851369426775,-7071.6600000000035,90499.16887041897,175.5,-2.0686405972529993
27123040502,0.8692833945269394,1.639719947431665,-4878.080000000002,40782.43294295401,-55.25999999999999,1.0624576158556698
27053020302,27.30187417263045,-8.43750570852489,-10193.800000000003,43293.653192293,-40.059999999999945,-4.737730384059237
27053026818,30.777426708676522,4.3295990499797785,-13624.279999999999,48597.128825085005,59.120000000000005,-1.238595175603049
27123040504,10.673693386351667,6.446938141777748,-6565.179999999993,37777.25727238401,-77.48000000000002,-8.21061166014756
27123040601,0.6206372383700884,20.34436358396391,-76157.32,96337.363052512,1201,12.006563447583797
27123040707,1.792898305510655,12.376295157764247,-17370.699999999997,83290.30978466201,-142,3.02542069459364
27053026819,31.273053305192704,-0.7284102324827684,-13430.96,53107.310162448004,3.6000000000000227,6.693349024484169
27053026716,11.307001729221806,6.8907771994104845,21288.72,132135.776350586,-85.61999999999989,5.0236622719960025
27053026815,31.419770856953058,3.5270017507081874,-8201.979999999996,58156.233471855,-102.25999999999999,-5.413185593540761
27003051102,30.53071253320642,0.5024763256878924,-10788.380000000005,61933.925198337995,128.65999999999997,-2.789882228535901
27003051103,27.918284527854183,5.901890201154076,-5385.759999999995,52150.37778617299,-8.440000000000055,3.8349309004119103
27003051101,14.595545017923527,5.927484498848379,-13737.919999999998,52154.70343785401,-38.77999999999997,-3.8717646673865698
27053026811,31.7385348556136,6.67588984550731,-19445.72,51227.011711370986,266.5,2.0023966198247
27053026810,19.446227034028738,5.164985431314942,-18056.14,46184.151870042,8.019999999999982,-0.20107324823602024
27123040902,20.423870480948125,4.042824248303696,-14790.86,32271.174914998002,-46.200000000000045,2.37096774193548
27053026814,33.57674315079812,4.796798654004633,-24318.940000000002,57624.19720438201,-52.539999999999964,-1.9126544308302398
27123040100,3.181067853657207,9.41100689664752,-1093.520000000004,57630.97846618801,-67.01999999999998,-9.2295444618224
27053026710,13.845308692018197,7.087905916628759,-11851.960000000006,76929.656214583,187.66000000000008,-0.43773930673620143
27123041002,13.946198463624288,4.811813782836728,-9155.059999999998,44740.460899130994,28.159999999999968,-2.130904183535769
27053026816,31.386936260009886,6.702423523882254,-13054.199999999997,47975.93502077801,183.17999999999995,-3.8446018285748322
27053026714,9.925171694477395,11.015612360495325,-22352.42,84898.60219116003,312.45000000000005,-34.58361556408521
27003051002,12.61883694767204,7.825003488061961,-14622.679999999993,51415.300340008005,-114.79999999999995,0.54176816889971
27123040705,11.691547806980587,8.131779037465074,3304.0599999999977,52550.226671704004,922.5,-5.089442545394498
27123040901,19.054338775491427,5.001276583999232,-14041,21282.43294295401,287.14,-2.7830567169221005
27003051001,12.078003928255386,4.463980200441785,-11577.599999999999,52542.368719305,-66.67999999999995,-23.303899283091496
27123041001,5.990113405059613,7.036929339924379,-12853.64,36923.366074802005,28.620000000000005,-3.5619804425524997
27053026822,14.703419044426962,9.877350581906633,-31449.160000000003,59785.984132980986,72.75999999999999,-39.836779107725796
27123040706,5.649685119883792,8.04892376376599,-29386.240000000005,55867.812618058,-61.6400000000001,-14.85636145544894
27053026812,28.221289554141716,5.812314616460251,-14528.800000000003,92336.13524745,516.72,-29.729902884019996
27053026823,20.563584857402926,7.595735699383545,-9564.339999999997,68328.806195693,1223.12,-66.3200646860001
27053026702,5.39474975165258,7.120825617189286,-8043.699999999997,56203.626747261005,69.22000000000003,10.354128231142319
27053026708,5.269743121182985,8.84661287209535,-35268.2,72406.30902909001,303.67999999999995,-25.12171217485493
27003050709,17.076828735264762,7.584432020562488,-3263.0599999999977,66874.19720438201,639.4,-52.15727923949049
27053026707,3.5682263052986762,8.043026517577797,-9586.14,61461.65470343799,84.3599999999999,-2.36050770934492
27163070204,2.8605650672866916,7.028586681408491,-12906.720000000001,111473.85719682701,238.44000000000005,20.4504965880093
27053026820,19.03441746633219,4.807343589651595,6873.080000000002,164707.971288251,231.9000000000001,22.60817392820369
27003050813,6.9198929671249,5.606005596802307,-3031.5399999999936,93866.622591613,220.12,-14.610825675419399
27003050811,8.340985901754106,3.6413181314803698,-12664.880000000005,56805.553456743,3.2799999999999727,-2.9992014519056296
27003050236,5.362009932639388,3.228800157644167,3501.0599999999977,104195.05100113299,1206.58,-36.8566574934499
27003050710,8.262005208729942,8.258632806295731,-20706.42,51787.155270117,113.66000000000008,-18.629249493900147
27003050230,5.518055188344486,2.4028776978417303,16180.080000000002,105269.98488855301,383.645,-11.8171891301645
27003050902,12.072826699536694,4.801451535959764,-4193.979999999996,66892.5765017,310.48,2.7888306122802007
27003050706,18.256400118612234,8.658357086038919,-17364.679999999993,60051.22780506199,23.440000000000055,-1.5953983069242392
27003050237,2.7032608511065894,7.669864405669205,-18898.979999999996,99445.712126936,-147.01999999999998,-35.7084821997112
27003050901,11.651678215145704,3.9387684898520776,-5624.480000000003,51834.340763128,87.53999999999996,3.86646173239881
27003050810,17.773100955067264,8.280475669925785,-15634.600000000006,67189.554212316,17.440000000000055,-1.2817973118080488
27053026706,4.167646277069446,12.996182944640363,-13110.539999999994,62822.70494899899,19.88000000000011,5.00342700479781
27003050606,3.8389141298237863,7.583454094446347,-5749.8399999999965,58553.418964865996,36.860000000000014,-6.505100322054689
27003050816,12.889892655770335,7.601677101451385,122.97999999999593,77630.90290895401,147.46000000000004,28.889385577842507
27003050809,19.767066647274014,4.685087382735969,-16738.86,81588.26973932801,70.60000000000002,-9.587203302373595
27003050605,5.2097993608037525,7.542765265703229,-1172.479999999996,59764.223649413994,-8.960000000000036,2.01993082313754
27163070203,2.548776560229375,2.9100820863281127,1152.2799999999988,109919.05931242899,694.3,27.015425938986496
27003050607,14.149369382990313,5.731342898308343,-10985.940000000002,61232.602946732004,-0.82000000000005,-18.993291273717343
27053026909,5.180557968559799,5.711736333154924,12484.240000000005,80333.585190782,555.94,-3.3943677597219946
27053026906,12.53834964842608,4.8670894421454145,-1234.179999999993,56325.727238383,486.03999999999996,-4.244135977337102
27003050232,6.446622178544255,5.175873383210753,7650.6600000000035,91948.224404987,360.5,-24.9570903747245
27003050229,1.422487856500453,2.5761621463296285,3217.7400000000052,71896.297695504,454.4200000000001,-41.3714711895693
27053026908,6.920528856170876,4.7989148097746925,-5474.380000000005,53009.70910464699,824.5,-9.486856043711
27003050608,15.168844627780938,3.9670755911884097,-19991.28,62449.735549679,-81.83999999999992,-6.175458841229599
27053026910,11.735891414996978,6.449960130808104,-6996.5,76956.93237627501,338.1,1.8567331923644979
27053026907,5.279044994558039,5.534122224023347,-36.0399999999936,100285.98413298099,84.20000000000005,-51.784244886521996
27003050808,7.0983319958729805,12.307083285566897,-15071.440000000002,62218.322629392,58.91999999999996,-0.96571390675774
27003050821,16.186611908010704,6.130573106024703,1908.8999999999942,130422.11938043099,1295.52,-11.216408781951898
27003050704,7.549955478734547,4.420372407291012,-6825.199999999997,57009.879108425,30.779999999999973,-8.631018655781027
27003050807,14.217635187273698,8.983528224609717,-15054.64,65228.711749149996,330.65999999999997,-5.569879333362499
27003050819,7.669521606558127,8.950827798325937,19796,97503.81564034801,472,19.954193795808905
27003050702,9.862236086059983,6.686966052203087,-2901.5599999999977,56996.675481677,157.22000000000003,-9.210048867249398
27003050610,9.783906780086921,8.298991418486729,-14415.14,66967.69928220601,-0.07999999999992724,-29.329016632558538
27003050806,13.73178231548601,6.733832836160497,-5807,78400.151114469,112.6400000000001,-7.813069788931603
27053026903,19.223092653921974,7.207098096370512,-9727,60774.19720438201,116.39999999999998,1.8081223104787973
27003050602,9.688510200455607,3.9986369337905128,-12453.740000000005,57618.757083491,32.940000000000055,-2.94117647058824
27003050504,8.428234159671794,-4.2231090109676455,-6409.800000000003,51502.304495655,-34.32000000000005,-0.7692132959794007
27003050233,-0.23365737456765068,4.2330618065860435,747.3399999999965,83423.989421987,363.6600000000001,21.6181936168957
27003050820,4.1727163010992765,5.201551896671984,2945.0399999999936,106225.31167359301,1038,-18.492895319716702
27003050712,12.355416475312666,3.1836678023304454,-5907.479999999996,78720.3060068,-28.5,-27.556209723834
27003050609,-0.3167077710206607,11.116174690951421,-15002.020000000004,70007.97128825099,8.200000000000045,-37.604035308953286
27003050711,9.62156620051357,9.281867176604017,-9322.199999999997,61357.329051757,54.6400000000001,-17.367810452916878
27003050818,10.942979192975574,5.764530745700263,-3831,129736.83415186999,104,41.6189088554315
27003050501,10.688233155740745,3.038175239450293,-4570.9000000000015,54822.213826973995,53.89999999999998,-1.7313893962970006
27003050402,0.964303358119146,6.843862027032156,-4028.6200000000026,60134.35965243701,189.15999999999997,-11.08400116141976
27003050805,19.874728850857906,6.787231603748694,-3351.0399999999936,73204.495655459,-16.1400000000001,-13.74068693900617
27003050707,5.654458438849163,14.00785732304739,-16775.059999999998,74878.12618058201,-632.5,2.370819443547802
27003050401,6.325528550232047,6.06007407988066,-22119.240000000005,58927.011711370986,-108.86000000000001,-19.9646643109541
27003050505,14.635931486189417,11.346489158104294,-19174.940000000002,59706.649036645,106.01999999999998,3.990776615648519
27163070106,1.7296408346726881,4.5579308244112555,-6291.820000000007,72550.88779750699,-135.8800000000001,19.880758887674
27003050210,5.849714059464257,9.173212937052861,-11077,86014.922553835,93.11999999999989,-4.423759224515001
27003050208,16.821093436394733,7.613056793544626,11522.380000000005,68542.387608613,627.56,-7.686970329841001
27003050227,6.304198183347362,3.8696826989122255,-4454.380000000005,76597.58216849301,157.26,-46.06430275428319
27003050228,8.08434281175263,5.238514944460107,-15112.220000000001,74479.82621835999,-147.4000000000001,9.2733835530445
27003050222,6.923896044305385,6.822404603840983,-7844.279999999999,82917.548167737,917.5,-69.31823608182161
27003050219,7.719575553696821,11.124937544884,-16292.479999999996,73807.555723461,135.6199999999999,-17.93020805036828
27003050220,9.006156070969023,5.8379094381357755,9298,103095.84435209699,572.2,-12.623179662729001
27003050226,4.6849630409794045,8.19891962432552,-15568.300000000003,63365.13033623001,-610.5,-34.4199657126688
27003050221,2.290257455998936,6.497744391479525,-3433.300000000003,106607.14015867,324.3599999999999,-18.0780476833109
27003050223,3.840044337212838,10.377699715391763,4435.139999999999,87577.672837174,270.04999999999995,-21.73978550767553
27003050225,5.727608367179306,6.7116848493085275,-2153.2599999999948,97807.76350585601,364,2.6268345377337
27163070105,2.0449305885816558,11.01030414203863,2149.1399999999994,65318.22818284799,-224,-9.269920989771602
27003050224,2.2700613864741195,7.114509885698642,4171.779999999999,87338.26973932801,507.0333333333299,6.1931042275033015
27163070104,2.8545441598208128,1.8232959805273445,-9121.699999999997,43759.085757461,619.56,-3.2263423710792
27163070103,9.729758150138615,-2.0556730031006776,-2237.1800000000003,40296.713260294986,91.41999999999996,10.581848725282498
27003050110,3.0762307991245876,5.722545097890253,-3645.6600000000035,95879.82621835999,617.5,-8.7243723969025
27003050111,1.1408568507790968,5.600616461695739,2081.6199999999953,89384.151870042,-43.8599999999999,-10.3631678194367
27003050109,2.2341119093291164,7.3130822080966915,13050.740000000005,83799.735549679,604.5,-12.374320365796102
