GEOID,GEOID2,GEONAME,perc_new_bld
14000US27003050107,27003050107,Census Tract 501.07 Anoka County Minnesota,31.796801505174
14000US27003050108,27003050108,Census Tract 501.08 Anoka County Minnesota,37.1873262923847
14000US27003050109,27003050109,Census Tract 501.09 Anoka County Minnesota,22.6425146510389
14000US27003050110,27003050110,Census Tract 501.10 Anoka County Minnesota,15.0451354062187
14000US27003050111,27003050111,Census Tract 501.11 Anoka County Minnesota,20.5075445816187
14000US27003050114,27003050114,Census Tract 501.14 Anoka County Minnesota,18.3579335793358
14000US27003050115,27003050115,Census Tract 501.15 Anoka County Minnesota,24.2971887550201
14000US27003050116,27003050116,Census Tract 501.16 Anoka County Minnesota,27.1870794078062
14000US27003050208,27003050208,Census Tract 502.08 Anoka County Minnesota,15.6331877729258
14000US27003050210,27003050210,Census Tract 502.10 Anoka County Minnesota,11.48691767709
14000US27003050215,27003050215,Census Tract 502.15 Anoka County Minnesota,19.0849673202614
14000US27003050216,27003050216,Census Tract 502.16 Anoka County Minnesota,37.6979936642027
14000US27003050217,27003050217,Census Tract 502.17 Anoka County Minnesota,21.4574898785425
14000US27003050218,27003050218,Census Tract 502.18 Anoka County Minnesota,12.6637554585153
14000US27003050219,27003050219,Census Tract 502.19 Anoka County Minnesota,9.27643784786642
14000US27003050220,27003050220,Census Tract 502.20 Anoka County Minnesota,29.171974522293
14000US27003050221,27003050221,Census Tract 502.21 Anoka County Minnesota,49.9775078722447
14000US27003050222,27003050222,Census Tract 502.22 Anoka County Minnesota,13.1624927198602
14000US27003050223,27003050223,Census Tract 502.23 Anoka County Minnesota,8.76451953537487
14000US27003050224,27003050224,Census Tract 502.24 Anoka County Minnesota,22.7670753064799
14000US27003050225,27003050225,Census Tract 502.25 Anoka County Minnesota,40.0461893764434
14000US27003050226,27003050226,Census Tract 502.26 Anoka County Minnesota,20.8370436331256
14000US27003050227,27003050227,Census Tract 502.27 Anoka County Minnesota,27.9874213836478
14000US27003050228,27003050228,Census Tract 502.28 Anoka County Minnesota,38.4259259259259
14000US27003050229,27003050229,Census Tract 502.29 Anoka County Minnesota,15.901948460088
14000US27003050230,27003050230,Census Tract 502.30 Anoka County Minnesota,36.4229765013055
14000US27003050232,27003050232,Census Tract 502.32 Anoka County Minnesota,25.6429096252755
14000US27003050233,27003050233,Census Tract 502.33 Anoka County Minnesota,32.6086956521739
14000US27003050234,27003050234,Census Tract 502.34 Anoka County Minnesota,24.4623655913979
14000US27003050235,27003050235,Census Tract 502.35 Anoka County Minnesota,16.1524500907441
14000US27003050236,27003050236,Census Tract 502.36 Anoka County Minnesota,20.9478021978022
14000US27003050237,27003050237,Census Tract 502.37 Anoka County Minnesota,22.5399903053805
14000US27003050401,27003050401,Census Tract 504.01 Anoka County Minnesota,0
14000US27003050402,27003050402,Census Tract 504.02 Anoka County Minnesota,7.58184951177484
14000US27003050501,27003050501,Census Tract 505.01 Anoka County Minnesota,8.311345646438
14000US27003050504,27003050504,Census Tract 505.04 Anoka County Minnesota,7.14893617021277
14000US27003050505,27003050505,Census Tract 505.05 Anoka County Minnesota,7.35908141962422
14000US27003050602,27003050602,Census Tract 506.02 Anoka County Minnesota,0
14000US27003050605,27003050605,Census Tract 506.05 Anoka County Minnesota,4.32407828857533
14000US27003050606,27003050606,Census Tract 506.06 Anoka County Minnesota,2.8735632183908
14000US27003050607,27003050607,Census Tract 506.07 Anoka County Minnesota,3.12157721796276
14000US27003050608,27003050608,Census Tract 506.08 Anoka County Minnesota,11.2966601178782
14000US27003050609,27003050609,Census Tract 506.09 Anoka County Minnesota,7.15719063545151
14000US27003050610,27003050610,Census Tract 506.10 Anoka County Minnesota,5.73802928373566
14000US27003050702,27003050702,Census Tract 507.02 Anoka County Minnesota,9.0531561461794
14000US27003050704,27003050704,Census Tract 507.04 Anoka County Minnesota,5.77971646673937
14000US27003050706,27003050706,Census Tract 507.06 Anoka County Minnesota,6.05166051660517
14000US27003050707,27003050707,Census Tract 507.07 Anoka County Minnesota,38.4472338447234
14000US27003050709,27003050709,Census Tract 507.09 Anoka County Minnesota,3.9612676056338
14000US27003050710,27003050710,Census Tract 507.10 Anoka County Minnesota,6.59264399722415
14000US27003050711,27003050711,Census Tract 507.11 Anoka County Minnesota,4.48533640023002
14000US27003050712,27003050712,Census Tract 507.12 Anoka County Minnesota,10.4373177842566
14000US27003050805,27003050805,Census Tract 508.05 Anoka County Minnesota,8.92782644972883
14000US27003050806,27003050806,Census Tract 508.06 Anoka County Minnesota,20.734693877551
14000US27003050807,27003050807,Census Tract 508.07 Anoka County Minnesota,11.2578179291174
14000US27003050808,27003050808,Census Tract 508.08 Anoka County Minnesota,0.56369785794814
14000US27003050809,27003050809,Census Tract 508.09 Anoka County Minnesota,32.3245614035088
14000US27003050810,27003050810,Census Tract 508.10 Anoka County Minnesota,8.62970711297071
14000US27003050811,27003050811,Census Tract 508.11 Anoka County Minnesota,5.44
14000US27003050813,27003050813,Census Tract 508.13 Anoka County Minnesota,28.4677419354839
14000US27003050816,27003050816,Census Tract 508.16 Anoka County Minnesota,34.3561643835616
14000US27003050818,27003050818,Census Tract 508.18 Anoka County Minnesota,87.1361502347418
14000US27003050819,27003050819,Census Tract 508.19 Anoka County Minnesota,84.1180163214062
14000US27003050820,27003050820,Census Tract 508.20 Anoka County Minnesota,29.0942360475755
14000US27003050821,27003050821,Census Tract 508.21 Anoka County Minnesota,78.9070480081716
14000US27003050901,27003050901,Census Tract 509.01 Anoka County Minnesota,10.2960102960103
14000US27003050902,27003050902,Census Tract 509.02 Anoka County Minnesota,13.4662129314536
14000US27003051001,27003051001,Census Tract 510.01 Anoka County Minnesota,13.5382059800664
14000US27003051002,27003051002,Census Tract 510.02 Anoka County Minnesota,1.58343483556638
14000US27003051101,27003051101,Census Tract 511.01 Anoka County Minnesota,6.55737704918033
14000US27003051102,27003051102,Census Tract 511.02 Anoka County Minnesota,4.24895272292041
14000US27003051103,27003051103,Census Tract 511.03 Anoka County Minnesota,5.73969280517381
14000US27003051201,27003051201,Census Tract 512.01 Anoka County Minnesota,4.80769230769231
14000US27003051202,27003051202,Census Tract 512.02 Anoka County Minnesota,3.2934131736527
14000US27003051203,27003051203,Census Tract 512.03 Anoka County Minnesota,2.12765957446809
14000US27003051206,27003051206,Census Tract 512.06 Anoka County Minnesota,2.00956937799043
14000US27003051302,27003051302,Census Tract 513.02 Anoka County Minnesota,12.3262839879154
14000US27003051304,27003051304,Census Tract 513.04 Anoka County Minnesota,2.59481037924152
14000US27003051305,27003051305,Census Tract 513.05 Anoka County Minnesota,8.73493975903615
14000US27003051400,27003051400,Census Tract 514 Anoka County Minnesota,11.6908212560386
14000US27003051501,27003051501,Census Tract 515.01 Anoka County Minnesota,7.97101449275362
14000US27003051502,27003051502,Census Tract 515.02 Anoka County Minnesota,8.71559633027523
14000US27003051600,27003051600,Census Tract 516 Anoka County Minnesota,20.1375245579568
14000US27019090100,27019090100,Census Tract 901 Carver County Minnesota,32.8618968386023
14000US27019090200,27019090200,Census Tract 902 Carver County Minnesota,33.6693548387097
14000US27019090301,27019090301,Census Tract 903.01 Carver County Minnesota,28.0914444059578
14000US27019090302,27019090302,Census Tract 903.02 Carver County Minnesota,58.370288248337
14000US27019090401,27019090401,Census Tract 904.01 Carver County Minnesota,53.2535137948985
14000US27019090402,27019090402,Census Tract 904.02 Carver County Minnesota,44.3019240256537
14000US27019090501,27019090501,Census Tract 905.01 Carver County Minnesota,15.2019002375297
14000US27019090502,27019090502,Census Tract 905.02 Carver County Minnesota,61.9354838709678
14000US27019090503,27019090503,Census Tract 905.03 Carver County Minnesota,17.7993527508091
14000US27019090601,27019090601,Census Tract 906.01 Carver County Minnesota,0.586166471277843
14000US27019090602,27019090602,Census Tract 906.02 Carver County Minnesota,5.16569200779727
14000US27019090701,27019090701,Census Tract 907.01 Carver County Minnesota,27.4826789838337
14000US27019090702,27019090702,Census Tract 907.02 Carver County Minnesota,63.4429400386847
14000US27019090800,27019090800,Census Tract 908 Carver County Minnesota,28.4872298624754
14000US27019090900,27019090900,Census Tract 909 Carver County Minnesota,26.524541398116
14000US27019091000,27019091000,Census Tract 910 Carver County Minnesota,43.8018545632016
14000US27019091100,27019091100,Census Tract 911 Carver County Minnesota,38.0647911338448
14000US27019091201,27019091201,Census Tract 912.01 Carver County Minnesota,20.6273764258555
14000US27019091202,27019091202,Census Tract 912.02 Carver County Minnesota,28.5714285714286
14000US27037060101,27037060101,Census Tract 601.01 Dakota County Minnesota,8.19341840161182
14000US27037060102,27037060102,Census Tract 601.02 Dakota County Minnesota,1.01867572156197
14000US27037060103,27037060103,Census Tract 601.03 Dakota County Minnesota,0.661000944287063
14000US27037060104,27037060104,Census Tract 601.04 Dakota County Minnesota,1.5220700152207
14000US27037060105,27037060105,Census Tract 601.05 Dakota County Minnesota,10.7872988255763
14000US27037060201,27037060201,Census Tract 602.01 Dakota County Minnesota,13.3267522211254
14000US27037060202,27037060202,Census Tract 602.02 Dakota County Minnesota,9.670920080591
14000US27037060301,27037060301,Census Tract 603.01 Dakota County Minnesota,5.14372163388805
14000US27037060302,27037060302,Census Tract 603.02 Dakota County Minnesota,3.52609308885755
14000US27037060401,27037060401,Census Tract 604.01 Dakota County Minnesota,6.02766798418972
14000US27037060402,27037060402,Census Tract 604.02 Dakota County Minnesota,4.10764872521247
14000US27037060502,27037060502,Census Tract 605.02 Dakota County Minnesota,4.90196078431373
14000US27037060503,27037060503,Census Tract 605.03 Dakota County Minnesota,4.42748091603053
14000US27037060505,27037060505,Census Tract 605.05 Dakota County Minnesota,13.8045891931902
14000US27037060506,27037060506,Census Tract 605.06 Dakota County Minnesota,43.4559114274417
14000US27037060507,27037060507,Census Tract 605.07 Dakota County Minnesota,12.8895184135977
14000US27037060508,27037060508,Census Tract 605.08 Dakota County Minnesota,36.9663485685585
14000US27037060509,27037060509,Census Tract 605.09 Dakota County Minnesota,27.1707519734109
14000US27037060603,27037060603,Census Tract 606.03 Dakota County Minnesota,18.5669456066946
14000US27037060604,27037060604,Census Tract 606.04 Dakota County Minnesota,7.94044665012407
14000US27037060605,27037060605,Census Tract 606.05 Dakota County Minnesota,15.8753709198813
14000US27037060606,27037060606,Census Tract 606.06 Dakota County Minnesota,2.4896265560166
14000US27037060709,27037060709,Census Tract 607.09 Dakota County Minnesota,0
14000US27037060710,27037060710,Census Tract 607.10 Dakota County Minnesota,14.3872113676732
14000US27037060711,27037060711,Census Tract 607.11 Dakota County Minnesota,16.4496527777778
14000US27037060713,27037060713,Census Tract 607.13 Dakota County Minnesota,7.74299835255354
14000US27037060714,27037060714,Census Tract 607.14 Dakota County Minnesota,1.24324324324324
14000US27037060716,27037060716,Census Tract 607.16 Dakota County Minnesota,12.3682361208714
14000US27037060717,27037060717,Census Tract 607.17 Dakota County Minnesota,21.4676889375685
14000US27037060721,27037060721,Census Tract 607.21 Dakota County Minnesota,18.3064516129032
14000US27037060725,27037060725,Census Tract 607.25 Dakota County Minnesota,6.63741086121777
14000US27037060726,27037060726,Census Tract 607.26 Dakota County Minnesota,16.7795334838224
14000US27037060727,27037060727,Census Tract 607.27 Dakota County Minnesota,8.10631229235881
14000US27037060728,27037060728,Census Tract 607.28 Dakota County Minnesota,10.4046242774566
14000US27037060729,27037060729,Census Tract 607.29 Dakota County Minnesota,22.1787345075016
14000US27037060730,27037060730,Census Tract 607.30 Dakota County Minnesota,5.27093596059113
14000US27037060731,27037060731,Census Tract 607.31 Dakota County Minnesota,7.3227885178676
14000US27037060732,27037060732,Census Tract 607.32 Dakota County Minnesota,8.03038524145415
14000US27037060733,27037060733,Census Tract 607.33 Dakota County Minnesota,8.91608391608392
14000US27037060734,27037060734,Census Tract 607.34 Dakota County Minnesota,11.1801242236025
14000US27037060735,27037060735,Census Tract 607.35 Dakota County Minnesota,12.9406307977737
14000US27037060737,27037060737,Census Tract 607.37 Dakota County Minnesota,14.3986683312526
14000US27037060738,27037060738,Census Tract 607.38 Dakota County Minnesota,1.34847409510291
14000US27037060739,27037060739,Census Tract 607.39 Dakota County Minnesota,15.5145118733509
14000US27037060741,27037060741,Census Tract 607.41 Dakota County Minnesota,2.801503245644
14000US27037060742,27037060742,Census Tract 607.42 Dakota County Minnesota,2.73348519362187
14000US27037060743,27037060743,Census Tract 607.43 Dakota County Minnesota,2.28758169934641
14000US27037060744,27037060744,Census Tract 607.44 Dakota County Minnesota,4.22535211267606
14000US27037060745,27037060745,Census Tract 607.45 Dakota County Minnesota,18.403660396543
14000US27037060746,27037060746,Census Tract 607.46 Dakota County Minnesota,20.4416403785489
14000US27037060747,27037060747,Census Tract 607.47 Dakota County Minnesota,4.82885085574572
14000US27037060748,27037060748,Census Tract 607.48 Dakota County Minnesota,12.4014336917563
14000US27037060749,27037060749,Census Tract 607.49 Dakota County Minnesota,3.58695652173913
14000US27037060750,27037060750,Census Tract 607.50 Dakota County Minnesota,9.26829268292683
14000US27037060805,27037060805,Census Tract 608.05 Dakota County Minnesota,17.9661016949153
14000US27037060806,27037060806,Census Tract 608.06 Dakota County Minnesota,7.13950211366839
14000US27037060811,27037060811,Census Tract 608.11 Dakota County Minnesota,9.58655156746933
14000US27037060812,27037060812,Census Tract 608.12 Dakota County Minnesota,4.09949332105021
14000US27037060813,27037060813,Census Tract 608.13 Dakota County Minnesota,38.9994620763852
14000US27037060814,27037060814,Census Tract 608.14 Dakota County Minnesota,17.5359712230216
14000US27037060815,27037060815,Census Tract 608.15 Dakota County Minnesota,48.2365708084645
14000US27037060816,27037060816,Census Tract 608.16 Dakota County Minnesota,24.2065626681011
14000US27037060817,27037060817,Census Tract 608.17 Dakota County Minnesota,30.1033591731266
14000US27037060818,27037060818,Census Tract 608.18 Dakota County Minnesota,49.2302184031507
14000US27037060819,27037060819,Census Tract 608.19 Dakota County Minnesota,17.5178997613365
14000US27037060820,27037060820,Census Tract 608.20 Dakota County Minnesota,39.8043641835967
14000US27037060821,27037060821,Census Tract 608.21 Dakota County Minnesota,48.7521367521368
14000US27037060822,27037060822,Census Tract 608.22 Dakota County Minnesota,0.801603206412826
14000US27037060823,27037060823,Census Tract 608.23 Dakota County Minnesota,11.6588419405321
14000US27037060824,27037060824,Census Tract 608.24 Dakota County Minnesota,6.39044943820225
14000US27037060825,27037060825,Census Tract 608.25 Dakota County Minnesota,5.95523581135092
14000US27037060826,27037060826,Census Tract 608.26 Dakota County Minnesota,22.5016329196604
14000US27037060828,27037060828,Census Tract 608.28 Dakota County Minnesota,57.2330654420207
14000US27037060829,27037060829,Census Tract 608.29 Dakota County Minnesota,64.257555847569
14000US27037060902,27037060902,Census Tract 609.02 Dakota County Minnesota,79.3258426966292
14000US27037060904,27037060904,Census Tract 609.04 Dakota County Minnesota,5.79613590939374
14000US27037060905,27037060905,Census Tract 609.05 Dakota County Minnesota,52.5340599455041
14000US27037060906,27037060906,Census Tract 609.06 Dakota County Minnesota,17.0624450307828
14000US27037060907,27037060907,Census Tract 609.07 Dakota County Minnesota,44.3343386471349
14000US27037061001,27037061001,Census Tract 610.01 Dakota County Minnesota,22.2953216374269
14000US27037061003,27037061003,Census Tract 610.03 Dakota County Minnesota,27.317880794702
14000US27037061004,27037061004,Census Tract 610.04 Dakota County Minnesota,47.4371373307544
14000US27037061005,27037061005,Census Tract 610.05 Dakota County Minnesota,6.22448979591837
14000US27037061007,27037061007,Census Tract 610.07 Dakota County Minnesota,20.0571428571429
14000US27037061008,27037061008,Census Tract 610.08 Dakota County Minnesota,15.233949945593
14000US27037061009,27037061009,Census Tract 610.09 Dakota County Minnesota,85.5855855855856
14000US27037061102,27037061102,Census Tract 611.02 Dakota County Minnesota,15.6313645621181
14000US27037061105,27037061105,Census Tract 611.05 Dakota County Minnesota,1.71370967741935
14000US27037061106,27037061106,Census Tract 611.06 Dakota County Minnesota,34.924965893588
14000US27037061107,27037061107,Census Tract 611.07 Dakota County Minnesota,39.1151135473767
14000US27037061108,27037061108,Census Tract 611.08 Dakota County Minnesota,26.6335498662591
14000US27037061401,27037061401,Census Tract 614.01 Dakota County Minnesota,12.5880281690141
14000US27037061402,27037061402,Census Tract 614.02 Dakota County Minnesota,26.3736263736264
14000US27037061501,27037061501,Census Tract 615.01 Dakota County Minnesota,11.8843683083512
14000US27037061502,27037061502,Census Tract 615.02 Dakota County Minnesota,30.8237378210806
14000US27053000101,27053000101,Census Tract 1.01 Hennepin County Minnesota,1.78723404255319
14000US27053000102,27053000102,Census Tract 1.02 Hennepin County Minnesota,12.8744088281661
14000US27053000300,27053000300,Census Tract 3 Hennepin County Minnesota,0.488485694347523
14000US27053000601,27053000601,Census Tract 6.01 Hennepin County Minnesota,0
14000US27053000603,27053000603,Census Tract 6.03 Hennepin County Minnesota,1.07197549770291
14000US27053001100,27053001100,Census Tract 11 Hennepin County Minnesota,2.42872228088701
14000US27053001700,27053001700,Census Tract 17 Hennepin County Minnesota,21.455223880597
14000US27053002200,27053002200,Census Tract 22 Hennepin County Minnesota,18.8284518828452
14000US27053002400,27053002400,Census Tract 24 Hennepin County Minnesota,12.1019108280255
14000US27053002700,27053002700,Census Tract 27 Hennepin County Minnesota,5.25762355415352
14000US27053003200,27053003200,Census Tract 32 Hennepin County Minnesota,4.19161676646707
14000US27053003300,27053003300,Census Tract 33 Hennepin County Minnesota,12.5827814569536
14000US27053003800,27053003800,Census Tract 38 Hennepin County Minnesota,21.2192816635161
14000US27053005901,27053005901,Census Tract 59.01 Hennepin County Minnesota,5.38793103448276
14000US27053005902,27053005902,Census Tract 59.02 Hennepin County Minnesota,23.2441471571906
14000US27053006800,27053006800,Census Tract 68 Hennepin County Minnesota,1.26849894291755
14000US27053007700,27053007700,Census Tract 77 Hennepin County Minnesota,58.3892617449665
14000US27053007801,27053007801,Census Tract 78.01 Hennepin County Minnesota,4.54545454545455
14000US27053008100,27053008100,Census Tract 81 Hennepin County Minnesota,4.2654028436019
14000US27053008200,27053008200,Census Tract 82 Hennepin County Minnesota,4.57685664939551
14000US27053008300,27053008300,Census Tract 83 Hennepin County Minnesota,2.19619326500732
14000US27053008400,27053008400,Census Tract 84 Hennepin County Minnesota,4.02439024390244
14000US27053008500,27053008500,Census Tract 85 Hennepin County Minnesota,1.21802679658952
14000US27053009500,27053009500,Census Tract 95 Hennepin County Minnesota,3.35507921714818
14000US27053009600,27053009600,Census Tract 96 Hennepin County Minnesota,3.99174122505162
14000US27053010600,27053010600,Census Tract 106 Hennepin County Minnesota,3.35790335790336
14000US27053010700,27053010700,Census Tract 107 Hennepin County Minnesota,0
14000US27053011000,27053011000,Census Tract 110 Hennepin County Minnesota,1.55038759689923
14000US27053011703,27053011703,Census Tract 117.03 Hennepin County Minnesota,0.530660377358491
14000US27053011704,27053011704,Census Tract 117.04 Hennepin County Minnesota,0.694980694980695
14000US27053011800,27053011800,Census Tract 118 Hennepin County Minnesota,2.23084384093113
14000US27053011998,27053011998,Census Tract 119.98 Hennepin County Minnesota,11.9217930376729
14000US27053012001,27053012001,Census Tract 120.01 Hennepin County Minnesota,0
14000US27053012003,27053012003,Census Tract 120.03 Hennepin County Minnesota,3.0164533820841
14000US27053012101,27053012101,Census Tract 121.01 Hennepin County Minnesota,0.928792569659443
14000US27053012102,27053012102,Census Tract 121.02 Hennepin County Minnesota,0
14000US27053020101,27053020101,Census Tract 201.01 Hennepin County Minnesota,1.65562913907285
14000US27053020102,27053020102,Census Tract 201.02 Hennepin County Minnesota,4.36643835616438
14000US27053020200,27053020200,Census Tract 202 Hennepin County Minnesota,1.9916142557652
14000US27053020301,27053020301,Census Tract 203.01 Hennepin County Minnesota,0.655021834061135
14000US27053020302,27053020302,Census Tract 203.02 Hennepin County Minnesota,0.432900432900433
14000US27053020303,27053020303,Census Tract 203.03 Hennepin County Minnesota,0.979591836734694
14000US27053020304,27053020304,Census Tract 203.04 Hennepin County Minnesota,0.778546712802768
14000US27053020400,27053020400,Census Tract 204 Hennepin County Minnesota,0.992167101827676
14000US27053020500,27053020500,Census Tract 205 Hennepin County Minnesota,1.2987012987013
14000US27053020600,27053020600,Census Tract 206 Hennepin County Minnesota,0.576036866359447
14000US27053020700,27053020700,Census Tract 207 Hennepin County Minnesota,5.14792899408284
14000US27053020801,27053020801,Census Tract 208.01 Hennepin County Minnesota,4.55062571103527
14000US27053020804,27053020804,Census Tract 208.04 Hennepin County Minnesota,0
14000US27053020902,27053020902,Census Tract 209.02 Hennepin County Minnesota,1
14000US27053020903,27053020903,Census Tract 209.03 Hennepin County Minnesota,7.12570056044836
14000US27053021001,27053021001,Census Tract 210.01 Hennepin County Minnesota,4.5926517571885
14000US27053021002,27053021002,Census Tract 210.02 Hennepin County Minnesota,4.58100558659218
14000US27053021100,27053021100,Census Tract 211 Hennepin County Minnesota,7.57396449704142
14000US27053021200,27053021200,Census Tract 212 Hennepin County Minnesota,1.01677681748856
14000US27053021300,27053021300,Census Tract 213 Hennepin County Minnesota,6.38830897703549
14000US27053021400,27053021400,Census Tract 214 Hennepin County Minnesota,0.753012048192771
14000US27053021501,27053021501,Census Tract 215.01 Hennepin County Minnesota,3.96449704142012
14000US27053021502,27053021502,Census Tract 215.02 Hennepin County Minnesota,17.1748599875545
14000US27053021503,27053021503,Census Tract 215.03 Hennepin County Minnesota,0.338655055636188
14000US27053021504,27053021504,Census Tract 215.04 Hennepin County Minnesota,0
14000US27053021505,27053021505,Census Tract 215.05 Hennepin County Minnesota,0.795755968169761
14000US27053021601,27053021601,Census Tract 216.01 Hennepin County Minnesota,13.6434918975431
14000US27053021602,27053021602,Census Tract 216.02 Hennepin County Minnesota,8.30540037243948
14000US27053021700,27053021700,Census Tract 217 Hennepin County Minnesota,6.50112866817156
14000US27053021800,27053021800,Census Tract 218 Hennepin County Minnesota,9.5852534562212
14000US27053021900,27053021900,Census Tract 219 Hennepin County Minnesota,12.6384364820847
14000US27053022000,27053022000,Census Tract 220 Hennepin County Minnesota,12.9807692307692
14000US27053022101,27053022101,Census Tract 221.01 Hennepin County Minnesota,4.5985401459854
14000US27053022102,27053022102,Census Tract 221.02 Hennepin County Minnesota,1.04790419161677
14000US27053022200,27053022200,Census Tract 222 Hennepin County Minnesota,7.5191355245385
14000US27053022301,27053022301,Census Tract 223.01 Hennepin County Minnesota,10.8274647887324
14000US27053022302,27053022302,Census Tract 223.02 Hennepin County Minnesota,9.19165580182529
14000US27053022400,27053022400,Census Tract 224 Hennepin County Minnesota,3.51906158357771
14000US27053022700,27053022700,Census Tract 227 Hennepin County Minnesota,1.95292939409114
14000US27053022801,27053022801,Census Tract 228.01 Hennepin County Minnesota,3.70813397129187
14000US27053022802,27053022802,Census Tract 228.02 Hennepin County Minnesota,7.80390195097549
14000US27053022901,27053022901,Census Tract 229.01 Hennepin County Minnesota,28.0534351145038
14000US27053022902,27053022902,Census Tract 229.02 Hennepin County Minnesota,1.56028368794326
14000US27053023000,27053023000,Census Tract 230 Hennepin County Minnesota,27.8715520790449
14000US27053023100,27053023100,Census Tract 231 Hennepin County Minnesota,11.8694362017804
14000US27053023200,27053023200,Census Tract 232 Hennepin County Minnesota,10.1180438448567
14000US27053023300,27053023300,Census Tract 233 Hennepin County Minnesota,4.56816559600286
14000US27053023400,27053023400,Census Tract 234 Hennepin County Minnesota,2.77392510402219
14000US27053023501,27053023501,Census Tract 235.01 Hennepin County Minnesota,2.95826730058109
14000US27053023502,27053023502,Census Tract 235.02 Hennepin County Minnesota,8.2431928384931
14000US27053023600,27053023600,Census Tract 236 Hennepin County Minnesota,10.4499274310595
14000US27053023700,27053023700,Census Tract 237 Hennepin County Minnesota,12.8154379020287
14000US27053023801,27053023801,Census Tract 238.01 Hennepin County Minnesota,9.1324200913242
14000US27053023802,27053023802,Census Tract 238.02 Hennepin County Minnesota,9.73066898349261
14000US27053023901,27053023901,Census Tract 239.01 Hennepin County Minnesota,1.65537998495109
14000US27053023902,27053023902,Census Tract 239.02 Hennepin County Minnesota,8.86075949367089
14000US27053023903,27053023903,Census Tract 239.03 Hennepin County Minnesota,8.13883901855177
14000US27053024003,27053024003,Census Tract 240.03 Hennepin County Minnesota,4.6639231824417
14000US27053024004,27053024004,Census Tract 240.04 Hennepin County Minnesota,9.8079561042524
14000US27053024005,27053024005,Census Tract 240.05 Hennepin County Minnesota,19.4387405886379
14000US27053024006,27053024006,Census Tract 240.06 Hennepin County Minnesota,11.5384615384615
14000US27053024100,27053024100,Census Tract 241 Hennepin County Minnesota,0.736278447121821
14000US27053024200,27053024200,Census Tract 242 Hennepin County Minnesota,0
14000US27053024300,27053024300,Census Tract 243 Hennepin County Minnesota,1.6597510373444
14000US27053024400,27053024400,Census Tract 244 Hennepin County Minnesota,19.6797302991993
14000US27053024500,27053024500,Census Tract 245 Hennepin County Minnesota,2.77469478357381
14000US27053024600,27053024600,Census Tract 246 Hennepin County Minnesota,19.6141479099679
14000US27053024700,27053024700,Census Tract 247 Hennepin County Minnesota,2.06264323911383
14000US27053024801,27053024801,Census Tract 248.01 Hennepin County Minnesota,0
14000US27053024802,27053024802,Census Tract 248.02 Hennepin County Minnesota,0.501672240802676
14000US27053024901,27053024901,Census Tract 249.01 Hennepin County Minnesota,1.84210526315789
14000US27053024902,27053024902,Census Tract 249.02 Hennepin County Minnesota,0.594530321046373
14000US27053024903,27053024903,Census Tract 249.03 Hennepin County Minnesota,0
14000US27053025100,27053025100,Census Tract 251 Hennepin County Minnesota,20.4514363885089
14000US27053025201,27053025201,Census Tract 252.01 Hennepin County Minnesota,2.74574409665019
14000US27053025205,27053025205,Census Tract 252.05 Hennepin County Minnesota,0.467775467775468
14000US27053025301,27053025301,Census Tract 253.01 Hennepin County Minnesota,3.68946963873943
14000US27053025302,27053025302,Census Tract 253.02 Hennepin County Minnesota,2.92242295430393
14000US27053025401,27053025401,Census Tract 254.01 Hennepin County Minnesota,1.53562653562654
14000US27053025403,27053025403,Census Tract 254.03 Hennepin County Minnesota,0
14000US27053025601,27053025601,Census Tract 256.01 Hennepin County Minnesota,11.7109634551495
14000US27053025603,27053025603,Census Tract 256.03 Hennepin County Minnesota,5.00916310323763
14000US27053025605,27053025605,Census Tract 256.05 Hennepin County Minnesota,7.26775956284153
14000US27053025701,27053025701,Census Tract 257.01 Hennepin County Minnesota,2.13333333333333
14000US27053025702,27053025702,Census Tract 257.02 Hennepin County Minnesota,1.5421686746988
14000US27053025801,27053025801,Census Tract 258.01 Hennepin County Minnesota,23.9498432601881
14000US27053025802,27053025802,Census Tract 258.02 Hennepin County Minnesota,3.42979635584137
14000US27053025803,27053025803,Census Tract 258.03 Hennepin County Minnesota,8.56498873027799
14000US27053025805,27053025805,Census Tract 258.05 Hennepin County Minnesota,4.58452722063037
14000US27053025903,27053025903,Census Tract 259.03 Hennepin County Minnesota,1.14695340501792
14000US27053025905,27053025905,Census Tract 259.05 Hennepin County Minnesota,2.64976958525346
14000US27053025906,27053025906,Census Tract 259.06 Hennepin County Minnesota,4.11998554391037
14000US27053025907,27053025907,Census Tract 259.07 Hennepin County Minnesota,3.51668169522092
14000US27053026005,27053026005,Census Tract 260.05 Hennepin County Minnesota,2.69086357947434
14000US27053026006,27053026006,Census Tract 260.06 Hennepin County Minnesota,2.51924422673198
14000US27053026007,27053026007,Census Tract 260.07 Hennepin County Minnesota,18.6238532110092
14000US27053026013,27053026013,Census Tract 260.13 Hennepin County Minnesota,0
14000US27053026014,27053026014,Census Tract 260.14 Hennepin County Minnesota,4.64774951076321
14000US27053026015,27053026015,Census Tract 260.15 Hennepin County Minnesota,3.25987144168962
14000US27053026016,27053026016,Census Tract 260.16 Hennepin County Minnesota,12.9032258064516
14000US27053026018,27053026018,Census Tract 260.18 Hennepin County Minnesota,27.1317829457364
14000US27053026019,27053026019,Census Tract 260.19 Hennepin County Minnesota,28.1475846329403
14000US27053026020,27053026020,Census Tract 260.20 Hennepin County Minnesota,26.6556291390728
14000US27053026021,27053026021,Census Tract 260.21 Hennepin County Minnesota,9.31054802592811
14000US27053026022,27053026022,Census Tract 260.22 Hennepin County Minnesota,53.3112582781457
14000US27053026101,27053026101,Census Tract 261.01 Hennepin County Minnesota,5.89569160997732
14000US27053026103,27053026103,Census Tract 261.03 Hennepin County Minnesota,2.60942760942761
14000US27053026104,27053026104,Census Tract 261.04 Hennepin County Minnesota,4.82076637824475
14000US27053026201,27053026201,Census Tract 262.01 Hennepin County Minnesota,5.77249575551783
14000US27053026202,27053026202,Census Tract 262.02 Hennepin County Minnesota,6.63829787234042
14000US27053026205,27053026205,Census Tract 262.05 Hennepin County Minnesota,1.796875
14000US27053026206,27053026206,Census Tract 262.06 Hennepin County Minnesota,8.77862595419847
14000US27053026207,27053026207,Census Tract 262.07 Hennepin County Minnesota,1.35427952329361
14000US27053026208,27053026208,Census Tract 262.08 Hennepin County Minnesota,8.63486842105263
14000US27053026301,27053026301,Census Tract 263.01 Hennepin County Minnesota,18.3090379008746
14000US27053026302,27053026302,Census Tract 263.02 Hennepin County Minnesota,9.14285714285714
14000US27053026402,27053026402,Census Tract 264.02 Hennepin County Minnesota,5.29934116299055
14000US27053026403,27053026403,Census Tract 264.03 Hennepin County Minnesota,12.8189910979229
14000US27053026404,27053026404,Census Tract 264.04 Hennepin County Minnesota,6.49509803921569
14000US27053026505,27053026505,Census Tract 265.05 Hennepin County Minnesota,3.33551340745585
14000US27053026507,27053026507,Census Tract 265.07 Hennepin County Minnesota,22.8609625668449
14000US27053026508,27053026508,Census Tract 265.08 Hennepin County Minnesota,15.2961227098424
14000US27053026509,27053026509,Census Tract 265.09 Hennepin County Minnesota,5.69014084507042
14000US27053026510,27053026510,Census Tract 265.10 Hennepin County Minnesota,12.3318385650224
14000US27053026511,27053026511,Census Tract 265.11 Hennepin County Minnesota,1.89834660134721
14000US27053026512,27053026512,Census Tract 265.12 Hennepin County Minnesota,4.98687664041995
14000US27053026514,27053026514,Census Tract 265.14 Hennepin County Minnesota,3.90161153519932
14000US27053026605,27053026605,Census Tract 266.05 Hennepin County Minnesota,23.342736248237
14000US27053026606,27053026606,Census Tract 266.06 Hennepin County Minnesota,2.6123301985371
14000US27053026609,27053026609,Census Tract 266.09 Hennepin County Minnesota,2.22222222222222
14000US27053026610,27053026610,Census Tract 266.10 Hennepin County Minnesota,2.83236994219653
14000US27053026611,27053026611,Census Tract 266.11 Hennepin County Minnesota,5.16206482593037
14000US27053026612,27053026612,Census Tract 266.12 Hennepin County Minnesota,54.4582933844679
14000US27053026613,27053026613,Census Tract 266.13 Hennepin County Minnesota,52.2537562604341
14000US27053026702,27053026702,Census Tract 267.02 Hennepin County Minnesota,18.7981510015408
14000US27053026706,27053026706,Census Tract 267.06 Hennepin County Minnesota,5.00342700479781
14000US27053026707,27053026707,Census Tract 267.07 Hennepin County Minnesota,1.70542635658915
14000US27053026708,27053026708,Census Tract 267.08 Hennepin County Minnesota,9.00862068965517
14000US27053026710,27053026710,Census Tract 267.10 Hennepin County Minnesota,28.8296860133207
14000US27053026711,27053026711,Census Tract 267.11 Hennepin County Minnesota,1.75182481751825
14000US27053026712,27053026712,Census Tract 267.12 Hennepin County Minnesota,9.39414567733152
14000US27053026713,27053026713,Census Tract 267.13 Hennepin County Minnesota,2.58227848101266
14000US27053026714,27053026714,Census Tract 267.14 Hennepin County Minnesota,43.8953488372093
14000US27053026715,27053026715,Census Tract 267.15 Hennepin County Minnesota,63.2410296411856
14000US27053026716,27053026716,Census Tract 267.16 Hennepin County Minnesota,35.6459330143541
14000US27053026807,27053026807,Census Tract 268.07 Hennepin County Minnesota,3.26132994493859
14000US27053026809,27053026809,Census Tract 268.09 Hennepin County Minnesota,0.963081861958266
14000US27053026810,27053026810,Census Tract 268.10 Hennepin County Minnesota,1.90283400809717
14000US27053026811,27053026811,Census Tract 268.11 Hennepin County Minnesota,3.27522451135763
14000US27053026812,27053026812,Census Tract 268.12 Hennepin County Minnesota,28.4577993813522
14000US27053026814,27053026814,Census Tract 268.14 Hennepin County Minnesota,1.79775280898876
14000US27053026815,27053026815,Census Tract 268.15 Hennepin County Minnesota,4.25876010781671
14000US27053026816,27053026816,Census Tract 268.16 Hennepin County Minnesota,0.457380457380458
14000US27053026818,27053026818,Census Tract 268.18 Hennepin County Minnesota,3.20584926884139
14000US27053026819,27053026819,Census Tract 268.19 Hennepin County Minnesota,12.8147482014389
14000US27053026820,27053026820,Census Tract 268.20 Hennepin County Minnesota,64.2290530490828
14000US27053026822,27053026822,Census Tract 268.22 Hennepin County Minnesota,10
14000US27053026823,27053026823,Census Tract 268.23 Hennepin County Minnesota,6.31001371742112
14000US27053026903,27053026903,Census Tract 269.03 Hennepin County Minnesota,16.6377816291161
14000US27053026906,27053026906,Census Tract 269.06 Hennepin County Minnesota,17.3158640226629
14000US27053026907,27053026907,Census Tract 269.07 Hennepin County Minnesota,20.1750121536218
14000US27053026908,27053026908,Census Tract 269.08 Hennepin County Minnesota,2.734375
14000US27053026909,27053026909,Census Tract 269.09 Hennepin County Minnesota,50.3186162949477
14000US27053026910,27053026910,Census Tract 269.10 Hennepin County Minnesota,18.7121629058888
14000US27053027001,27053027001,Census Tract 270.01 Hennepin County Minnesota,30.3453947368421
14000US27053027002,27053027002,Census Tract 270.02 Hennepin County Minnesota,16.1592505854801
14000US27053027101,27053027101,Census Tract 271.01 Hennepin County Minnesota,37.4893617021277
14000US27053027102,27053027102,Census Tract 271.02 Hennepin County Minnesota,12.9110251450677
14000US27053027201,27053027201,Census Tract 272.01 Hennepin County Minnesota,21.9860896445131
14000US27053027202,27053027202,Census Tract 272.02 Hennepin County Minnesota,7.55968169761273
14000US27053027203,27053027203,Census Tract 272.03 Hennepin County Minnesota,19.2592592592593
14000US27053027300,27053027300,Census Tract 273 Hennepin County Minnesota,14.601226993865
14000US27053027400,27053027400,Census Tract 274 Hennepin County Minnesota,12.807881773399
14000US27053027501,27053027501,Census Tract 275.01 Hennepin County Minnesota,10.7221006564551
14000US27053027503,27053027503,Census Tract 275.03 Hennepin County Minnesota,16.1764705882353
14000US27053027504,27053027504,Census Tract 275.04 Hennepin County Minnesota,8.52941176470588
14000US27053027601,27053027601,Census Tract 276.01 Hennepin County Minnesota,15.1436031331593
14000US27053027602,27053027602,Census Tract 276.02 Hennepin County Minnesota,5.59939872228486
14000US27053027700,27053027700,Census Tract 277 Hennepin County Minnesota,32.6292384658143
14000US27053100200,27053100200,Census Tract 1002 Hennepin County Minnesota,1.41176470588235
14000US27053100400,27053100400,Census Tract 1004 Hennepin County Minnesota,1.38169257340242
14000US27053100500,27053100500,Census Tract 1005 Hennepin County Minnesota,8.46938775510204
14000US27053100700,27053100700,Census Tract 1007 Hennepin County Minnesota,2.06022187004754
14000US27053100800,27053100800,Census Tract 1008 Hennepin County Minnesota,0.832799487508008
14000US27053100900,27053100900,Census Tract 1009 Hennepin County Minnesota,3.37528604118993
14000US27053101200,27053101200,Census Tract 1012 Hennepin County Minnesota,0.608329433785681
14000US27053101300,27053101300,Census Tract 1013 Hennepin County Minnesota,21.5017064846416
14000US27053101600,27053101600,Census Tract 1016 Hennepin County Minnesota,2.82131661442006
14000US27053101800,27053101800,Census Tract 1018 Hennepin County Minnesota,9.93533215755438
14000US27053101900,27053101900,Census Tract 1019 Hennepin County Minnesota,1.78100263852243
14000US27053102000,27053102000,Census Tract 1020 Hennepin County Minnesota,10.0671140939597
14000US27053102100,27053102100,Census Tract 1021 Hennepin County Minnesota,25.4299754299754
14000US27053102300,27053102300,Census Tract 1023 Hennepin County Minnesota,8.20584144645341
14000US27053102500,27053102500,Census Tract 1025 Hennepin County Minnesota,4.0520984081042
14000US27053102600,27053102600,Census Tract 1026 Hennepin County Minnesota,4.25
14000US27053102800,27053102800,Census Tract 1028 Hennepin County Minnesota,14.6887159533074
14000US27053102900,27053102900,Census Tract 1029 Hennepin County Minnesota,9.97830802603037
14000US27053103000,27053103000,Census Tract 1030 Hennepin County Minnesota,4.59770114942529
14000US27053103100,27053103100,Census Tract 1031 Hennepin County Minnesota,3.43053173241853
14000US27053103400,27053103400,Census Tract 1034 Hennepin County Minnesota,56.006628003314
14000US27053103600,27053103600,Census Tract 1036 Hennepin County Minnesota,22.5381414701803
14000US27053103700,27053103700,Census Tract 1037 Hennepin County Minnesota,12.107161257084
14000US27053103900,27053103900,Census Tract 1039 Hennepin County Minnesota,45.1897616946161
14000US27053104000,27053104000,Census Tract 1040 Hennepin County Minnesota,8.54330708661417
14000US27053104100,27053104100,Census Tract 1041 Hennepin County Minnesota,7.23495702005731
14000US27053104400,27053104400,Census Tract 1044 Hennepin County Minnesota,19.3139448173005
14000US27053104800,27053104800,Census Tract 1048 Hennepin County Minnesota,18.4142487790865
14000US27053104900,27053104900,Census Tract 1049 Hennepin County Minnesota,46.5342163355409
14000US27053105100,27053105100,Census Tract 1051 Hennepin County Minnesota,7.00934579439252
14000US27053105201,27053105201,Census Tract 1052.01 Hennepin County Minnesota,10.5540897097625
14000US27053105204,27053105204,Census Tract 1052.04 Hennepin County Minnesota,17.5
14000US27053105400,27053105400,Census Tract 1054 Hennepin County Minnesota,29.4436238306253
14000US27053105500,27053105500,Census Tract 1055 Hennepin County Minnesota,0.58848255569567
14000US27053105600,27053105600,Census Tract 1056 Hennepin County Minnesota,10.5691056910569
14000US27053105700,27053105700,Census Tract 1057 Hennepin County Minnesota,10.3901996370236
14000US27053106000,27053106000,Census Tract 1060 Hennepin County Minnesota,9.16552667578659
14000US27053106200,27053106200,Census Tract 1062 Hennepin County Minnesota,10.7214428857715
14000US27053106400,27053106400,Census Tract 1064 Hennepin County Minnesota,1.66015625
14000US27053106500,27053106500,Census Tract 1065 Hennepin County Minnesota,19.2246835443038
14000US27053106600,27053106600,Census Tract 1066 Hennepin County Minnesota,0
14000US27053106700,27053106700,Census Tract 1067 Hennepin County Minnesota,0.94802222948676
14000US27053106900,27053106900,Census Tract 1069 Hennepin County Minnesota,9.88490182802979
14000US27053107000,27053107000,Census Tract 1070 Hennepin County Minnesota,3.26829268292683
14000US27053107400,27053107400,Census Tract 1074 Hennepin County Minnesota,8.40909090909091
14000US27053107500,27053107500,Census Tract 1075 Hennepin County Minnesota,3.77358490566038
14000US27053107600,27053107600,Census Tract 1076 Hennepin County Minnesota,8.3133971291866
14000US27053108000,27053108000,Census Tract 1080 Hennepin County Minnesota,7.73042616451933
14000US27053108600,27053108600,Census Tract 1086 Hennepin County Minnesota,0.72926162260711
14000US27053108700,27053108700,Census Tract 1087 Hennepin County Minnesota,16.4690382081686
14000US27053108800,27053108800,Census Tract 1088 Hennepin County Minnesota,2.1953896816685
14000US27053108900,27053108900,Census Tract 1089 Hennepin County Minnesota,0.745573159366263
14000US27053109000,27053109000,Census Tract 1090 Hennepin County Minnesota,1.20481927710843
14000US27053109100,27053109100,Census Tract 1091 Hennepin County Minnesota,2.23935389133627
14000US27053109200,27053109200,Census Tract 1092 Hennepin County Minnesota,1.45772594752187
14000US27053109300,27053109300,Census Tract 1093 Hennepin County Minnesota,3.11714429361488
14000US27053109400,27053109400,Census Tract 1094 Hennepin County Minnesota,1.23647604327666
14000US27053109700,27053109700,Census Tract 1097 Hennepin County Minnesota,2.55591054313099
14000US27053109800,27053109800,Census Tract 1098 Hennepin County Minnesota,8.20854132002219
14000US27053109900,27053109900,Census Tract 1099 Hennepin County Minnesota,3.18613750698714
14000US27053110000,27053110000,Census Tract 1100 Hennepin County Minnesota,3.85259631490787
14000US27053110100,27053110100,Census Tract 1101 Hennepin County Minnesota,5.85551330798479
14000US27053110200,27053110200,Census Tract 1102 Hennepin County Minnesota,3.28697850821745
14000US27053110400,27053110400,Census Tract 1104 Hennepin County Minnesota,5.68104038329911
14000US27053110500,27053110500,Census Tract 1105 Hennepin County Minnesota,13.3133561643836
14000US27053110800,27053110800,Census Tract 1108 Hennepin County Minnesota,1.40114167099118
14000US27053110900,27053110900,Census Tract 1109 Hennepin County Minnesota,7.4792243767313
14000US27053111100,27053111100,Census Tract 1111 Hennepin County Minnesota,7.79305828421742
14000US27053111200,27053111200,Census Tract 1112 Hennepin County Minnesota,6.82148040638607
14000US27053111300,27053111300,Census Tract 1113 Hennepin County Minnesota,2.5909317389138
14000US27053111400,27053111400,Census Tract 1114 Hennepin County Minnesota,4.88448844884488
14000US27053111500,27053111500,Census Tract 1115 Hennepin County Minnesota,3.05039787798409
14000US27053111600,27053111600,Census Tract 1116 Hennepin County Minnesota,4.91929285165258
14000US27053122500,27053122500,Census Tract 1225 Hennepin County Minnesota,10.5232558139535
14000US27053122600,27053122600,Census Tract 1226 Hennepin County Minnesota,7.71428571428571
14000US27053125500,27053125500,Census Tract 1255 Hennepin County Minnesota,29.2161520190024
14000US27053125600,27053125600,Census Tract 1256 Hennepin County Minnesota,18.3882783882784
14000US27053125700,27053125700,Census Tract 1257 Hennepin County Minnesota,4.5531197301855
14000US27053125800,27053125800,Census Tract 1258 Hennepin County Minnesota,28.5374554102259
14000US27053125900,27053125900,Census Tract 1259 Hennepin County Minnesota,28.0638143582306
14000US27053126000,27053126000,Census Tract 1260 Hennepin County Minnesota,9.71140632157581
14000US27053126100,27053126100,Census Tract 1261 Hennepin County Minnesota,34.2592592592593
14000US27053126200,27053126200,Census Tract 1262 Hennepin County Minnesota,62.4761385328607
14000US27053980000,27053980000,Census Tract 9800 Hennepin County Minnesota,42.9245283018868
14000US27123030100,27123030100,Census Tract 301 Ramsey County Minnesota,2.27513227513228
14000US27123030201,27123030201,Census Tract 302.01 Ramsey County Minnesota,3.56164383561644
14000US27123030202,27123030202,Census Tract 302.02 Ramsey County Minnesota,4.07440212577502
14000US27123030300,27123030300,Census Tract 303 Ramsey County Minnesota,2.57879656160458
14000US27123030400,27123030400,Census Tract 304 Ramsey County Minnesota,8.01556420233463
14000US27123030500,27123030500,Census Tract 305 Ramsey County Minnesota,3.87840670859539
14000US27123030601,27123030601,Census Tract 306.01 Ramsey County Minnesota,8.0802882141019
14000US27123030602,27123030602,Census Tract 306.02 Ramsey County Minnesota,2.4869109947644
14000US27123030702,27123030702,Census Tract 307.02 Ramsey County Minnesota,0.93870789618995
14000US27123030703,27123030703,Census Tract 307.03 Ramsey County Minnesota,1.26488095238095
14000US27123030704,27123030704,Census Tract 307.04 Ramsey County Minnesota,4.42757748260595
14000US27123030800,27123030800,Census Tract 308 Ramsey County Minnesota,0.509049773755656
14000US27123030900,27123030900,Census Tract 309 Ramsey County Minnesota,4.06091370558376
14000US27123031000,27123031000,Census Tract 310 Ramsey County Minnesota,0.728959575878065
14000US27123031100,27123031100,Census Tract 311 Ramsey County Minnesota,1.95510499637944
14000US27123031200,27123031200,Census Tract 312 Ramsey County Minnesota,5.813097866078
14000US27123031300,27123031300,Census Tract 313 Ramsey County Minnesota,1.25714285714286
14000US27123031400,27123031400,Census Tract 314 Ramsey County Minnesota,14.9641577060932
14000US27123031500,27123031500,Census Tract 315 Ramsey County Minnesota,14.4834930777423
14000US27123031600,27123031600,Census Tract 316 Ramsey County Minnesota,3.82308845577211
14000US27123031701,27123031701,Census Tract 317.01 Ramsey County Minnesota,3.69088811995386
14000US27123031702,27123031702,Census Tract 317.02 Ramsey County Minnesota,12.5387682764732
14000US27123031801,27123031801,Census Tract 318.01 Ramsey County Minnesota,14.4894466628637
14000US27123031802,27123031802,Census Tract 318.02 Ramsey County Minnesota,2.45795601552393
14000US27123031900,27123031900,Census Tract 319 Ramsey County Minnesota,20.9796672828096
14000US27123032000,27123032000,Census Tract 320 Ramsey County Minnesota,0.709779179810726
14000US27123032100,27123032100,Census Tract 321 Ramsey County Minnesota,0
14000US27123032200,27123032200,Census Tract 322 Ramsey County Minnesota,1.41776937618147
14000US27123032300,27123032300,Census Tract 323 Ramsey County Minnesota,6.70103092783505
14000US27123032400,27123032400,Census Tract 324 Ramsey County Minnesota,0
14000US27123032500,27123032500,Census Tract 325 Ramsey County Minnesota,7.61271249076127
14000US27123032600,27123032600,Census Tract 326 Ramsey County Minnesota,15.5831739961759
14000US27123032700,27123032700,Census Tract 327 Ramsey County Minnesota,4.1896361631753
14000US27123033000,27123033000,Census Tract 330 Ramsey County Minnesota,15.8940397350993
14000US27123033100,27123033100,Census Tract 331 Ramsey County Minnesota,5.4820415879017
14000US27123033200,27123033200,Census Tract 332 Ramsey County Minnesota,48.2223658694247
14000US27123033300,27123033300,Census Tract 333 Ramsey County Minnesota,0.362581580855693
14000US27123033400,27123033400,Census Tract 334 Ramsey County Minnesota,14.8997134670487
14000US27123033500,27123033500,Census Tract 335 Ramsey County Minnesota,8.26645264847512
14000US27123033600,27123033600,Census Tract 336 Ramsey County Minnesota,6.2111801242236
14000US27123033700,27123033700,Census Tract 337 Ramsey County Minnesota,17.6890156918688
14000US27123033800,27123033800,Census Tract 338 Ramsey County Minnesota,4.94752623688156
14000US27123033900,27123033900,Census Tract 339 Ramsey County Minnesota,6.56
14000US27123034000,27123034000,Census Tract 340 Ramsey County Minnesota,8.71003307607497
14000US27123034201,27123034201,Census Tract 342.01 Ramsey County Minnesota,6.61157024793388
14000US27123034202,27123034202,Census Tract 342.02 Ramsey County Minnesota,13.6906341204564
14000US27123034400,27123034400,Census Tract 344 Ramsey County Minnesota,5.46511627906977
14000US27123034500,27123034500,Census Tract 345 Ramsey County Minnesota,2.18772053634439
14000US27123034601,27123034601,Census Tract 346.01 Ramsey County Minnesota,12.9610115911486
14000US27123034602,27123034602,Census Tract 346.02 Ramsey County Minnesota,3.81944444444444
14000US27123034701,27123034701,Census Tract 347.01 Ramsey County Minnesota,1.87353629976581
14000US27123034702,27123034702,Census Tract 347.02 Ramsey County Minnesota,0
14000US27123034900,27123034900,Census Tract 349 Ramsey County Minnesota,1.47299509001637
14000US27123035000,27123035000,Census Tract 350 Ramsey County Minnesota,0.459981600735971
14000US27123035100,27123035100,Census Tract 351 Ramsey County Minnesota,0.804020100502513
14000US27123035200,27123035200,Census Tract 352 Ramsey County Minnesota,0
14000US27123035300,27123035300,Census Tract 353 Ramsey County Minnesota,1.55382907880133
14000US27123035500,27123035500,Census Tract 355 Ramsey County Minnesota,9.22146636432351
14000US27123035700,27123035700,Census Tract 357 Ramsey County Minnesota,2.35934664246824
14000US27123035800,27123035800,Census Tract 358 Ramsey County Minnesota,1.71330668189606
14000US27123035900,27123035900,Census Tract 359 Ramsey County Minnesota,0
14000US27123036000,27123036000,Census Tract 360 Ramsey County Minnesota,45.619335347432
14000US27123036100,27123036100,Census Tract 361 Ramsey County Minnesota,10.6930693069307
14000US27123036300,27123036300,Census Tract 363 Ramsey County Minnesota,16.1196207148067
14000US27123036400,27123036400,Census Tract 364 Ramsey County Minnesota,3.17848410757946
14000US27123036500,27123036500,Census Tract 365 Ramsey County Minnesota,1.79271708683473
14000US27123036600,27123036600,Census Tract 366 Ramsey County Minnesota,3.14187530682376
14000US27123036700,27123036700,Census Tract 367 Ramsey County Minnesota,8.68706811451135
14000US27123036800,27123036800,Census Tract 368 Ramsey County Minnesota,12.9515418502203
14000US27123036900,27123036900,Census Tract 369 Ramsey County Minnesota,16.8451801363194
14000US27123037000,27123037000,Census Tract 370 Ramsey County Minnesota,0
14000US27123037100,27123037100,Census Tract 371 Ramsey County Minnesota,3.73637778930981
14000US27123037200,27123037200,Census Tract 372 Ramsey County Minnesota,4.30555555555556
14000US27123037402,27123037402,Census Tract 374.02 Ramsey County Minnesota,0.851788756388416
14000US27123037403,27123037403,Census Tract 374.03 Ramsey County Minnesota,7.38938053097345
14000US27123037500,27123037500,Census Tract 375 Ramsey County Minnesota,4.43935926773455
14000US27123037601,27123037601,Census Tract 376.01 Ramsey County Minnesota,7.96418473138549
14000US27123037602,27123037602,Census Tract 376.02 Ramsey County Minnesota,26.1655222262378
14000US27123040100,27123040100,Census Tract 401 Ramsey County Minnesota,10.3639514731369
14000US27123040200,27123040200,Census Tract 402 Ramsey County Minnesota,17.1206225680934
14000US27123040301,27123040301,Census Tract 403.01 Ramsey County Minnesota,1.42857142857143
14000US27123040302,27123040302,Census Tract 403.02 Ramsey County Minnesota,0.541027953110911
14000US27123040401,27123040401,Census Tract 404.01 Ramsey County Minnesota,4.51174289245983
14000US27123040402,27123040402,Census Tract 404.02 Ramsey County Minnesota,11.1396743787489
14000US27123040502,27123040502,Census Tract 405.02 Ramsey County Minnesota,6.17828773168579
14000US27123040503,27123040503,Census Tract 405.03 Ramsey County Minnesota,6.95093457943925
14000US27123040504,27123040504,Census Tract 405.04 Ramsey County Minnesota,6.78631519910264
14000US27123040601,27123040601,Census Tract 406.01 Ramsey County Minnesota,35.244161358811
14000US27123040603,27123040603,Census Tract 406.03 Ramsey County Minnesota,5.33916849015317
14000US27123040604,27123040604,Census Tract 406.04 Ramsey County Minnesota,12.0694818808026
14000US27123040703,27123040703,Census Tract 407.03 Ramsey County Minnesota,7.88878111865503
14000US27123040704,27123040704,Census Tract 407.04 Ramsey County Minnesota,10.0942655145326
14000US27123040705,27123040705,Census Tract 407.05 Ramsey County Minnesota,16.7194092827004
14000US27123040706,27123040706,Census Tract 407.06 Ramsey County Minnesota,0.83088954056696
14000US27123040707,27123040707,Census Tract 407.07 Ramsey County Minnesota,11.546723952739
14000US27123040801,27123040801,Census Tract 408.01 Ramsey County Minnesota,8.1203007518797
14000US27123040802,27123040802,Census Tract 408.02 Ramsey County Minnesota,
14000US27123040803,27123040803,Census Tract 408.03 Ramsey County Minnesota,9.46615299944964
14000US27123040901,27123040901,Census Tract 409.01 Ramsey County Minnesota,15.7354618015964
14000US27123040902,27123040902,Census Tract 409.02 Ramsey County Minnesota,6
14000US27123041001,27123041001,Census Tract 410.01 Ramsey County Minnesota,11.2184249628529
14000US27123041002,27123041002,Census Tract 410.02 Ramsey County Minnesota,8.56140350877193
14000US27123041103,27123041103,Census Tract 411.03 Ramsey County Minnesota,23.4093637454982
14000US27123041104,27123041104,Census Tract 411.04 Ramsey County Minnesota,13.3935289691497
14000US27123041105,27123041105,Census Tract 411.05 Ramsey County Minnesota,18.0477223427332
14000US27123041106,27123041106,Census Tract 411.06 Ramsey County Minnesota,1.8413597733711
14000US27123041107,27123041107,Census Tract 411.07 Ramsey County Minnesota,5.78606775789874
14000US27123041200,27123041200,Census Tract 412 Ramsey County Minnesota,4.74613686534216
14000US27123041301,27123041301,Census Tract 413.01 Ramsey County Minnesota,11.1612175873732
14000US27123041302,27123041302,Census Tract 413.02 Ramsey County Minnesota,12.9071170084439
14000US27123041400,27123041400,Census Tract 414 Ramsey County Minnesota,13.7678506041743
14000US27123041500,27123041500,Census Tract 415 Ramsey County Minnesota,3.38504936530324
14000US27123041601,27123041601,Census Tract 416.01 Ramsey County Minnesota,2.06947524020695
14000US27123041602,27123041602,Census Tract 416.02 Ramsey County Minnesota,6.32411067193676
14000US27123041700,27123041700,Census Tract 417 Ramsey County Minnesota,10.6444605358436
14000US27123041800,27123041800,Census Tract 418 Ramsey County Minnesota,1.91731575793889
14000US27123041900,27123041900,Census Tract 419 Ramsey County Minnesota,15.6837329876863
14000US27123042001,27123042001,Census Tract 420.01 Ramsey County Minnesota,2.81329923273657
14000US27123042002,27123042002,Census Tract 420.02 Ramsey County Minnesota,0
14000US27123042101,27123042101,Census Tract 421.01 Ramsey County Minnesota,12.1807465618861
14000US27123042102,27123042102,Census Tract 421.02 Ramsey County Minnesota,4.15982484948002
14000US27123042201,27123042201,Census Tract 422.01 Ramsey County Minnesota,5.09433962264151
14000US27123042202,27123042202,Census Tract 422.02 Ramsey County Minnesota,11.6524359618282
14000US27123042301,27123042301,Census Tract 423.01 Ramsey County Minnesota,31.4708299096138
14000US27123042302,27123042302,Census Tract 423.02 Ramsey County Minnesota,9.67056323060574
14000US27123042401,27123042401,Census Tract 424.01 Ramsey County Minnesota,29.3922651933702
14000US27123042402,27123042402,Census Tract 424.02 Ramsey County Minnesota,8.93246187363835
14000US27123042501,27123042501,Census Tract 425.01 Ramsey County Minnesota,13.7888198757764
14000US27123042503,27123042503,Census Tract 425.03 Ramsey County Minnesota,18.1066176470588
14000US27123042504,27123042504,Census Tract 425.04 Ramsey County Minnesota,7.40740740740741
14000US27123042601,27123042601,Census Tract 426.01 Ramsey County Minnesota,0.26525198938992
14000US27123042602,27123042602,Census Tract 426.02 Ramsey County Minnesota,5.60560560560561
14000US27123042700,27123042700,Census Tract 427 Ramsey County Minnesota,9.49041608228144
14000US27123042800,27123042800,Census Tract 428 Ramsey County Minnesota,3.1813361611877
14000US27123042900,27123042900,Census Tract 429 Ramsey County Minnesota,3.96739130434783
14000US27123043000,27123043000,Census Tract 430 Ramsey County Minnesota,2.72792534099067
14000US27123980000,27123980000,Census Tract 9800 Ramsey County Minnesota,
14000US27139080100,27139080100,Census Tract 801 Scott County Minnesota,32.6530612244898
14000US27139080201,27139080201,Census Tract 802.01 Scott County Minnesota,45.5328310010764
14000US27139080202,27139080202,Census Tract 802.02 Scott County Minnesota,47.712833545108
14000US27139080203,27139080203,Census Tract 802.03 Scott County Minnesota,15.6912948061448
14000US27139080204,27139080204,Census Tract 802.04 Scott County Minnesota,72.1893491124261
14000US27139080205,27139080205,Census Tract 802.05 Scott County Minnesota,15.7990535129232
14000US27139080301,27139080301,Census Tract 803.01 Scott County Minnesota,48.816120906801
14000US27139080302,27139080302,Census Tract 803.02 Scott County Minnesota,61.9724025974026
14000US27139080400,27139080400,Census Tract 804 Scott County Minnesota,6.65445665445666
14000US27139080500,27139080500,Census Tract 805 Scott County Minnesota,15.6142365097589
14000US27139080600,27139080600,Census Tract 806 Scott County Minnesota,19.0025252525253
14000US27139080700,27139080700,Census Tract 807 Scott County Minnesota,51.588785046729
14000US27139080800,27139080800,Census Tract 808 Scott County Minnesota,32.5096277278562
14000US27139080903,27139080903,Census Tract 809.03 Scott County Minnesota,63.8095238095238
14000US27139080904,27139080904,Census Tract 809.04 Scott County Minnesota,26.3463892288862
14000US27139080905,27139080905,Census Tract 809.05 Scott County Minnesota,14.6823278163374
14000US27139080906,27139080906,Census Tract 809.06 Scott County Minnesota,12.401055408971
14000US27139081000,27139081000,Census Tract 810 Scott County Minnesota,30.565909861064
14000US27139081100,27139081100,Census Tract 811 Scott County Minnesota,47.5151196423876
14000US27139081200,27139081200,Census Tract 812 Scott County Minnesota,27.0724869843813
14000US27139081300,27139081300,Census Tract 813 Scott County Minnesota,36.6794136392607
14000US27163070103,27163070103,Census Tract 701.03 Washington County Minnesota,22.5677476677032
14000US27163070104,27163070104,Census Tract 701.04 Washington County Minnesota,15.4605263157895
14000US27163070105,27163070105,Census Tract 701.05 Washington County Minnesota,13.1438721136767
14000US27163070106,27163070106,Census Tract 701.06 Washington County Minnesota,48.8686131386861
14000US27163070203,27163070203,Census Tract 702.03 Washington County Minnesota,64.6367851622875
14000US27163070204,27163070204,Census Tract 702.04 Washington County Minnesota,58.102766798419
14000US27163070205,27163070205,Census Tract 702.05 Washington County Minnesota,17.6156583629893
14000US27163070206,27163070206,Census Tract 702.06 Washington County Minnesota,12.070006035003
14000US27163070301,27163070301,Census Tract 703.01 Washington County Minnesota,11.5898959881129
14000US27163070303,27163070303,Census Tract 703.03 Washington County Minnesota,17.6942355889724
14000US27163070304,27163070304,Census Tract 703.04 Washington County Minnesota,13.2684426229508
14000US27163070403,27163070403,Census Tract 704.03 Washington County Minnesota,16.0371106693174
14000US27163070404,27163070404,Census Tract 704.04 Washington County Minnesota,45.1492537313433
14000US27163070405,27163070405,Census Tract 704.05 Washington County Minnesota,34.8938826466916
14000US27163070406,27163070406,Census Tract 704.06 Washington County Minnesota,14.1689373297003
14000US27163070501,27163070501,Census Tract 705.01 Washington County Minnesota,13.4511913912375
14000US27163070502,27163070502,Census Tract 705.02 Washington County Minnesota,15.6578289144572
14000US27163070601,27163070601,Census Tract 706.01 Washington County Minnesota,22.911787665886
14000US27163070602,27163070602,Census Tract 706.02 Washington County Minnesota,7.06766917293233
14000US27163070701,27163070701,Census Tract 707.01 Washington County Minnesota,40.6868234415827
14000US27163070703,27163070703,Census Tract 707.03 Washington County Minnesota,2.63157894736842
14000US27163070704,27163070704,Census Tract 707.04 Washington County Minnesota,21.1076280041797
14000US27163070801,27163070801,Census Tract 708.01 Washington County Minnesota,
14000US27163070802,27163070802,Census Tract 708.02 Washington County Minnesota,
14000US27163070906,27163070906,Census Tract 709.06 Washington County Minnesota,8.52082336045955
14000US27163070907,27163070907,Census Tract 709.07 Washington County Minnesota,33.9072847682119
14000US27163070909,27163070909,Census Tract 709.09 Washington County Minnesota,8.03059273422562
14000US27163070910,27163070910,Census Tract 709.10 Washington County Minnesota,9.7215667767815
14000US27163070911,27163070911,Census Tract 709.11 Washington County Minnesota,15.8730158730159
14000US27163070912,27163070912,Census Tract 709.12 Washington County Minnesota,6.2316715542522
14000US27163071001,27163071001,Census Tract 710.01 Washington County Minnesota,9.41121928604543
14000US27163071003,27163071003,Census Tract 710.03 Washington County Minnesota,10.8726752503577
14000US27163071006,27163071006,Census Tract 710.06 Washington County Minnesota,29.4146581406788
14000US27163071010,27163071010,Census Tract 710.10 Washington County Minnesota,4.27480916030534
14000US27163071011,27163071011,Census Tract 710.11 Washington County Minnesota,3.29557157569516
14000US27163071012,27163071012,Census Tract 710.12 Washington County Minnesota,12.6209322779244
14000US27163071013,27163071013,Census Tract 710.13 Washington County Minnesota,3.42886386898669
14000US27163071014,27163071014,Census Tract 710.14 Washington County Minnesota,19.5794053662074
14000US27163071015,27163071015,Census Tract 710.15 Washington County Minnesota,19.0157480314961
14000US27163071016,27163071016,Census Tract 710.16 Washington County Minnesota,22.987721691678
14000US27163071017,27163071017,Census Tract 710.17 Washington County Minnesota,68.5089974293059
14000US27163071018,27163071018,Census Tract 710.18 Washington County Minnesota,74.4545963080365
14000US27163071101,27163071101,Census Tract 711.01 Washington County Minnesota,4.80461242793081
14000US27163071102,27163071102,Census Tract 711.02 Washington County Minnesota,14.874739039666
14000US27163071206,27163071206,Census Tract 712.06 Washington County Minnesota,42.3546511627907
14000US27163071207,27163071207,Census Tract 712.07 Washington County Minnesota,10.5513685045617
14000US27163071208,27163071208,Census Tract 712.08 Washington County Minnesota,0
14000US27163071209,27163071209,Census Tract 712.09 Washington County Minnesota,9.57991803278689
14000US27163071300,27163071300,Census Tract 713 Washington County Minnesota,14.9950835791544
14000US27163071400,27163071400,Census Tract 714 Washington County Minnesota,10.413694721826
